<?xml version="1.0" ?>
<interaction__self>
   <state id="0">
      <behaviors>
         <behavior cat="sys">
            <value val="ON"/>
         </behavior>
      </behaviors>
   </state>
   <state id="1">
      <behaviors>
         <behavior cat="movement_y">
            <value val="289"/>
         </behavior>
         <behavior cat="movement_angle">
            <value val="15"/>
         </behavior>
         <behavior cat="movement_time">
            <value val="0.1"/>
         </behavior>
      </behaviors>
   </state>
   <state id="2">
      <behaviors>
         <behavior cat="movement_y">
            <value val="285"/>
         </behavior>
         <behavior cat="movement_time">
            <value val="0.1"/>
         </behavior>
      </behaviors>
   </state>
   <state id="3">
      <behaviors>
         <behavior cat="movement_y">
            <value val="277"/>
         </behavior>
         <behavior cat="movement_time">
            <value val="0.1"/>
         </behavior>
      </behaviors>
   </state>
   <state id="4">
      <behaviors>
         <behavior cat="movement_y">
            <value val="273"/>
         </behavior>
         <behavior cat="movement_time">
            <value val="0.1"/>
         </behavior>
      </behaviors>
   </state>
   <state id="5">
      <behaviors>
         <behavior cat="movement_y">
            <value val="266"/>
         </behavior>
         <behavior cat="movement_time">
            <value val="0.1"/>
         </behavior>
      </behaviors>
   </state>
   <state id="6">
      <behaviors>
         <behavior cat="movement_y">
            <value val="259"/>
         </behavior>
         <behavior cat="movement_time">
            <value val="0.1"/>
         </behavior>
      </behaviors>
   </state>
   <state id="7">
      <behaviors>
         <behavior cat="movement_y">
            <value val="250"/>
         </behavior>
         <behavior cat="movement_time">
            <value val="0.1"/>
         </behavior>
      </behaviors>
   </state>
   <state id="8">
      <behaviors>
         <behavior cat="movement_y">
            <value val="240"/>
         </behavior>
         <behavior cat="movement_time">
            <value val="0.1"/>
         </behavior>
      </behaviors>
   </state>
   <state id="9">
      <behaviors>
         <behavior cat="movement_y">
            <value val="231"/>
         </behavior>
         <behavior cat="movement_time">
            <value val="0.1"/>
         </behavior>
      </behaviors>
   </state>
   <state id="10">
      <behaviors>
         <behavior cat="movement_y">
            <value val="228"/>
         </behavior>
         <behavior cat="movement_time">
            <value val="0.1"/>
         </behavior>
      </behaviors>
   </state>
   <state id="11">
      <behaviors>
         <behavior cat="movement_y">
            <value val="218"/>
         </behavior>
         <behavior cat="movement_time">
            <value val="0.1"/>
         </behavior>
      </behaviors>
   </state>
   <state id="12">
      <behaviors>
         <behavior cat="movement_y">
            <value val="213"/>
         </behavior>
         <behavior cat="movement_time">
            <value val="0.1"/>
         </behavior>
      </behaviors>
   </state>
   <state id="13">
      <behaviors>
         <behavior cat="movement_y">
            <value val="207"/>
         </behavior>
         <behavior cat="movement_time">
            <value val="0.1"/>
         </behavior>
      </behaviors>
   </state>
   <state id="14">
      <behaviors>
         <behavior cat="movement_x">
            <value val="63"/>
         </behavior>
         <behavior cat="movement_y">
            <value val="198"/>
         </behavior>
         <behavior cat="movement_time">
            <value val="0.1"/>
         </behavior>
      </behaviors>
   </state>
   <state id="15">
      <behaviors>
         <behavior cat="movement_y">
            <value val="192"/>
         </behavior>
         <behavior cat="movement_time">
            <value val="0.1"/>
         </behavior>
      </behaviors>
   </state>
   <state id="16">
      <behaviors>
         <behavior cat="movement_y">
            <value val="184"/>
         </behavior>
         <behavior cat="movement_time">
            <value val="0.1"/>
         </behavior>
      </behaviors>
   </state>
   <state id="17">
      <behaviors>
         <behavior cat="movement_y">
            <value val="181"/>
         </behavior>
         <behavior cat="movement_time">
            <value val="0.1"/>
         </behavior>
      </behaviors>
   </state>
   <state id="18">
      <behaviors>
         <behavior cat="movement_y">
            <value val="173"/>
         </behavior>
         <behavior cat="movement_angle">
            <value val="356"/>
         </behavior>
         <behavior cat="movement_time">
            <value val="0.1"/>
         </behavior>
      </behaviors>
   </state>
   <state id="19">
      <behaviors>
         <behavior cat="movement_x">
            <value val="60"/>
         </behavior>
         <behavior cat="movement_y">
            <value val="169"/>
         </behavior>
         <behavior cat="movement_angle">
            <value val="12"/>
         </behavior>
         <behavior cat="movement_time">
            <value val="0.1"/>
         </behavior>
      </behaviors>
   </state>
   <state id="20">
      <behaviors>
         <behavior cat="movement_y">
            <value val="158"/>
         </behavior>
         <behavior cat="movement_time">
            <value val="0.1"/>
         </behavior>
      </behaviors>
   </state>
   <state id="21">
      <behaviors>
         <behavior cat="movement_y">
            <value val="153"/>
         </behavior>
         <behavior cat="movement_time">
            <value val="0.1"/>
         </behavior>
      </behaviors>
   </state>
   <state id="22">
      <behaviors>
         <behavior cat="movement_y">
            <value val="147"/>
         </behavior>
         <behavior cat="movement_time">
            <value val="0.1"/>
         </behavior>
      </behaviors>
   </state>
   <state id="23">
      <behaviors>
         <behavior cat="movement_y">
            <value val="144"/>
         </behavior>
         <behavior cat="movement_time">
            <value val="0.1"/>
         </behavior>
      </behaviors>
   </state>
   <state id="24">
      <behaviors>
         <behavior cat="movement_x">
            <value val="57"/>
         </behavior>
         <behavior cat="movement_y">
            <value val="138"/>
         </behavior>
         <behavior cat="movement_time">
            <value val="0.1"/>
         </behavior>
      </behaviors>
   </state>
   <state id="25">
      <behaviors>
         <behavior cat="movement_y">
            <value val="135"/>
         </behavior>
         <behavior cat="movement_time">
            <value val="0.1"/>
         </behavior>
      </behaviors>
   </state>
   <state id="26">
      <behaviors>
         <behavior cat="movement_y">
            <value val="128"/>
         </behavior>
         <behavior cat="movement_time">
            <value val="0.1"/>
         </behavior>
      </behaviors>
   </state>
   <state id="27">
      <behaviors>
         <behavior cat="movement_y">
            <value val="125"/>
         </behavior>
         <behavior cat="movement_time">
            <value val="0.1"/>
         </behavior>
      </behaviors>
   </state>
   <state id="28">
      <behaviors>
         <behavior cat="movement_y">
            <value val="120"/>
         </behavior>
         <behavior cat="movement_time">
            <value val="0.1"/>
         </behavior>
      </behaviors>
   </state>
   <state id="29">
      <behaviors>
         <behavior cat="movement_y">
            <value val="117"/>
         </behavior>
         <behavior cat="movement_time">
            <value val="0.1"/>
         </behavior>
      </behaviors>
   </state>
   <state id="30">
      <behaviors>
         <behavior cat="movement_y">
            <value val="114"/>
         </behavior>
         <behavior cat="movement_time">
            <value val="0.1"/>
         </behavior>
      </behaviors>
   </state>
   <state id="31">
      <behaviors>
         <behavior cat="movement_y">
            <value val="109"/>
         </behavior>
         <behavior cat="movement_time">
            <value val="0.1"/>
         </behavior>
      </behaviors>
   </state>
   <state id="32">
      <behaviors>
         <behavior cat="movement_y">
            <value val="106"/>
         </behavior>
         <behavior cat="movement_angle">
            <value val="140"/>
         </behavior>
         <behavior cat="movement_time">
            <value val="0.1"/>
         </behavior>
      </behaviors>
   </state>
   <state id="33">
      <behaviors>
         <behavior cat="movement_y">
            <value val="103"/>
         </behavior>
         <behavior cat="movement_angle">
            <value val="24"/>
         </behavior>
         <behavior cat="movement_time">
            <value val="0.1"/>
         </behavior>
      </behaviors>
   </state>
   <state id="34">
      <behaviors>
         <behavior cat="movement_y">
            <value val="100"/>
         </behavior>
         <behavior cat="movement_time">
            <value val="0.1"/>
         </behavior>
      </behaviors>
   </state>
   <state id="35">
      <behaviors>
         <behavior cat="movement_y">
            <value val="97"/>
         </behavior>
         <behavior cat="movement_time">
            <value val="0.1"/>
         </behavior>
      </behaviors>
   </state>
   <state id="36">
      <behaviors>
         <behavior cat="movement_y">
            <value val="94"/>
         </behavior>
         <behavior cat="movement_time">
            <value val="0.1"/>
         </behavior>
      </behaviors>
   </state>
   <state id="37">
      <behaviors>
         <behavior cat="movement_y">
            <value val="91"/>
         </behavior>
         <behavior cat="movement_time">
            <value val="0.1"/>
         </behavior>
      </behaviors>
   </state>
   <state id="38">
      <behaviors>
         <behavior cat="movement_y">
            <value val="88"/>
         </behavior>
         <behavior cat="movement_time">
            <value val="0.1"/>
         </behavior>
      </behaviors>
   </state>
   <state id="39">
      <behaviors>
         <behavior cat="movement_y">
            <value val="85"/>
         </behavior>
         <behavior cat="movement_time">
            <value val="0.1"/>
         </behavior>
      </behaviors>
   </state>
   <state id="40">
      <behaviors>
         <behavior cat="movement_y">
            <value val="82"/>
         </behavior>
         <behavior cat="movement_time">
            <value val="0.1"/>
         </behavior>
      </behaviors>
   </state>
   <state id="41">
      <behaviors>
         <behavior cat="movement_x">
            <value val="60"/>
         </behavior>
         <behavior cat="movement_y">
            <value val="80"/>
         </behavior>
         <behavior cat="movement_time">
            <value val="0.1"/>
         </behavior>
      </behaviors>
   </state>
   <state id="42">
      <behaviors>
         <behavior cat="movement_y">
            <value val="78"/>
         </behavior>
         <behavior cat="movement_time">
            <value val="0.1"/>
         </behavior>
      </behaviors>
   </state>
   <state id="43">
      <behaviors>
         <behavior cat="movement_y">
            <value val="74"/>
         </behavior>
         <behavior cat="movement_time">
            <value val="0.1"/>
         </behavior>
      </behaviors>
   </state>
   <state id="44">
      <behaviors>
         <behavior cat="movement_y">
            <value val="72"/>
         </behavior>
         <behavior cat="movement_time">
            <value val="0.1"/>
         </behavior>
      </behaviors>
   </state>
   <state id="45">
      <behaviors>
         <behavior cat="movement_y">
            <value val="69"/>
         </behavior>
         <behavior cat="movement_time">
            <value val="0.1"/>
         </behavior>
      </behaviors>
   </state>
   <state id="46">
      <behaviors>
         <behavior cat="movement_y">
            <value val="65"/>
         </behavior>
         <behavior cat="movement_time">
            <value val="0.1"/>
         </behavior>
      </behaviors>
   </state>
   <state id="47">
      <behaviors>
         <behavior cat="movement_x">
            <value val="63"/>
         </behavior>
         <behavior cat="movement_y">
            <value val="60"/>
         </behavior>
         <behavior cat="movement_angle">
            <value val="40"/>
         </behavior>
         <behavior cat="movement_time">
            <value val="0.1"/>
         </behavior>
      </behaviors>
   </state>
   <state id="48">
      <behaviors>
         <behavior cat="movement_x">
            <value val="65"/>
         </behavior>
         <behavior cat="movement_y">
            <value val="58"/>
         </behavior>
         <behavior cat="movement_angle">
            <value val="159"/>
         </behavior>
         <behavior cat="movement_time">
            <value val="0.1"/>
         </behavior>
      </behaviors>
   </state>
   <state id="49">
      <behaviors>
         <behavior cat="movement_x">
            <value val="66"/>
         </behavior>
         <behavior cat="movement_y">
            <value val="57"/>
         </behavior>
         <behavior cat="movement_angle">
            <value val="278"/>
         </behavior>
         <behavior cat="movement_time">
            <value val="0.1"/>
         </behavior>
      </behaviors>
   </state>
   <state id="50">
      <behaviors>
         <behavior cat="movement_x">
            <value val="68"/>
         </behavior>
         <behavior cat="movement_y">
            <value val="52"/>
         </behavior>
         <behavior cat="movement_angle">
            <value val="43"/>
         </behavior>
         <behavior cat="movement_time">
            <value val="0.1"/>
         </behavior>
      </behaviors>
   </state>
   <state id="51">
      <behaviors>
         <behavior cat="movement_x">
            <value val="69"/>
         </behavior>
         <behavior cat="movement_y">
            <value val="49"/>
         </behavior>
         <behavior cat="movement_time">
            <value val="0.1"/>
         </behavior>
      </behaviors>
   </state>
   <state id="52">
      <behaviors>
         <behavior cat="movement_x">
            <value val="70"/>
         </behavior>
         <behavior cat="movement_y">
            <value val="48"/>
         </behavior>
         <behavior cat="movement_time">
            <value val="0.1"/>
         </behavior>
      </behaviors>
   </state>
   <state id="53">
      <behaviors>
         <behavior cat="movement_x">
            <value val="70"/>
         </behavior>
         <behavior cat="movement_y">
            <value val="47"/>
         </behavior>
         <behavior cat="movement_time">
            <value val="0.1"/>
         </behavior>
      </behaviors>
   </state>
   <state id="54">
      <behaviors>
         <behavior cat="movement_x">
            <value val="71"/>
         </behavior>
         <behavior cat="movement_y">
            <value val="46"/>
         </behavior>
         <behavior cat="movement_time">
            <value val="0.1"/>
         </behavior>
      </behaviors>
   </state>
   <state id="55">
      <behaviors>
         <behavior cat="movement_x">
            <value val="72"/>
         </behavior>
         <behavior cat="movement_y">
            <value val="44"/>
         </behavior>
         <behavior cat="movement_angle">
            <value val="65"/>
         </behavior>
         <behavior cat="movement_time">
            <value val="0.1"/>
         </behavior>
      </behaviors>
   </state>
   <state id="56">
      <behaviors>
         <behavior cat="movement_x">
            <value val="74"/>
         </behavior>
         <behavior cat="movement_y">
            <value val="41"/>
         </behavior>
         <behavior cat="movement_angle">
            <value val="94"/>
         </behavior>
         <behavior cat="movement_time">
            <value val="0.1"/>
         </behavior>
      </behaviors>
   </state>
   <state id="57">
      <behaviors>
         <behavior cat="movement_x">
            <value val="76"/>
         </behavior>
         <behavior cat="movement_y">
            <value val="40"/>
         </behavior>
         <behavior cat="movement_angle">
            <value val="69"/>
         </behavior>
         <behavior cat="movement_time">
            <value val="0.1"/>
         </behavior>
      </behaviors>
   </state>
   <state id="58">
      <behaviors>
         <behavior cat="movement_x">
            <value val="77"/>
         </behavior>
         <behavior cat="movement_y">
            <value val="38"/>
         </behavior>
         <behavior cat="movement_angle">
            <value val="73"/>
         </behavior>
         <behavior cat="movement_time">
            <value val="0.1"/>
         </behavior>
      </behaviors>
   </state>
   <state id="59">
      <behaviors>
         <behavior cat="movement_x">
            <value val="78"/>
         </behavior>
         <behavior cat="movement_y">
            <value val="37"/>
         </behavior>
         <behavior cat="movement_angle">
            <value val="77"/>
         </behavior>
         <behavior cat="movement_time">
            <value val="0.1"/>
         </behavior>
      </behaviors>
   </state>
   <state id="60">
      <behaviors>
         <behavior cat="movement_x">
            <value val="78"/>
         </behavior>
         <behavior cat="movement_y">
            <value val="35"/>
         </behavior>
         <behavior cat="movement_angle">
            <value val="81"/>
         </behavior>
         <behavior cat="movement_time">
            <value val="0.1"/>
         </behavior>
      </behaviors>
   </state>
   <state id="61">
      <behaviors>
         <behavior cat="movement_x">
            <value val="79"/>
         </behavior>
         <behavior cat="movement_y">
            <value val="34"/>
         </behavior>
         <behavior cat="movement_angle">
            <value val="85"/>
         </behavior>
         <behavior cat="movement_time">
            <value val="0.1"/>
         </behavior>
      </behaviors>
   </state>
   <state id="62">
      <behaviors>
         <behavior cat="movement_x">
            <value val="80"/>
         </behavior>
         <behavior cat="movement_y">
            <value val="33"/>
         </behavior>
         <behavior cat="movement_time">
            <value val="0.1"/>
         </behavior>
      </behaviors>
   </state>
   <state id="63">
      <behaviors>
         <behavior cat="movement_y">
            <value val="32"/>
         </behavior>
         <behavior cat="movement_time">
            <value val="0.1"/>
         </behavior>
      </behaviors>
   </state>
   <state id="64">
      <behaviors>
         <behavior cat="movement_y">
            <value val="31"/>
         </behavior>
         <behavior cat="movement_time">
            <value val="0.1"/>
         </behavior>
      </behaviors>
   </state>
   <state id="65">
      <behaviors>
         <behavior cat="movement_angle">
            <value val="100"/>
         </behavior>
         <behavior cat="movement_time">
            <value val="0.1"/>
         </behavior>
      </behaviors>
   </state>
   <state id="66">
      <behaviors>
         <behavior cat="sys">
            <value val="OFF"/>
         </behavior>
      </behaviors>
   </state>
   <init id="0"/>
   <transition source_id="0" target_id="1">
      <events>
         <label label="">
            <val val="self"/>
         </label>
      </events>
      <env_state>
         <label label="h_xpos">
            <val val="False"/>
         </label>
         <label label="h_ypos">
            <val val="False"/>
         </label>
         <label label="rotation">
            <val val="0"/>
         </label>
         <label label="xpos">
            <val val="66"/>
         </label>
         <label label="ypos">
            <val val="293"/>
         </label>
      </env_state>
   </transition>
   <transition source_id="1" target_id="2">
      <events>
         <label label="">
            <val val="self"/>
         </label>
      </events>
      <env_state>
         <label label="h_xpos">
            <val val="157"/>
         </label>
         <label label="h_ypos">
            <val val="40"/>
         </label>
         <label label="rotation">
            <val val="15"/>
         </label>
         <label label="xpos">
            <val val="66"/>
         </label>
         <label label="ypos">
            <val val="289"/>
         </label>
      </env_state>
   </transition>
   <transition source_id="2" target_id="3">
      <events>
         <label label="">
            <val val="self"/>
         </label>
      </events>
      <env_state>
         <label label="h_xpos">
            <val val="157"/>
         </label>
         <label label="h_ypos">
            <val val="40"/>
         </label>
         <label label="rotation">
            <val val="15"/>
         </label>
         <label label="xpos">
            <val val="66"/>
         </label>
         <label label="ypos">
            <val val="285"/>
         </label>
      </env_state>
   </transition>
   <transition source_id="3" target_id="4">
      <events>
         <label label="">
            <val val="self"/>
         </label>
      </events>
      <env_state>
         <label label="h_xpos">
            <val val="157"/>
         </label>
         <label label="h_ypos">
            <val val="40"/>
         </label>
         <label label="rotation">
            <val val="15"/>
         </label>
         <label label="xpos">
            <val val="66"/>
         </label>
         <label label="ypos">
            <val val="277"/>
         </label>
      </env_state>
   </transition>
   <transition source_id="4" target_id="5">
      <events>
         <label label="">
            <val val="self"/>
         </label>
      </events>
      <env_state>
         <label label="h_xpos">
            <val val="157"/>
         </label>
         <label label="h_ypos">
            <val val="40"/>
         </label>
         <label label="rotation">
            <val val="15"/>
         </label>
         <label label="xpos">
            <val val="66"/>
         </label>
         <label label="ypos">
            <val val="273"/>
         </label>
      </env_state>
   </transition>
   <transition source_id="5" target_id="6">
      <events>
         <label label="">
            <val val="self"/>
         </label>
      </events>
      <env_state>
         <label label="h_xpos">
            <val val="157"/>
         </label>
         <label label="h_ypos">
            <val val="40"/>
         </label>
         <label label="rotation">
            <val val="15"/>
         </label>
         <label label="xpos">
            <val val="66"/>
         </label>
         <label label="ypos">
            <val val="266"/>
         </label>
      </env_state>
   </transition>
   <transition source_id="6" target_id="7">
      <events>
         <label label="">
            <val val="self"/>
         </label>
      </events>
      <env_state>
         <label label="h_xpos">
            <val val="157"/>
         </label>
         <label label="h_ypos">
            <val val="40"/>
         </label>
         <label label="rotation">
            <val val="15"/>
         </label>
         <label label="xpos">
            <val val="66"/>
         </label>
         <label label="ypos">
            <val val="259"/>
         </label>
      </env_state>
   </transition>
   <transition source_id="7" target_id="8">
      <events>
         <label label="">
            <val val="self"/>
         </label>
      </events>
      <env_state>
         <label label="h_xpos">
            <val val="157"/>
         </label>
         <label label="h_ypos">
            <val val="40"/>
         </label>
         <label label="rotation">
            <val val="15"/>
         </label>
         <label label="xpos">
            <val val="66"/>
         </label>
         <label label="ypos">
            <val val="250"/>
         </label>
      </env_state>
   </transition>
   <transition source_id="8" target_id="9">
      <events>
         <label label="">
            <val val="self"/>
         </label>
      </events>
      <env_state>
         <label label="h_xpos">
            <val val="157"/>
         </label>
         <label label="h_ypos">
            <val val="40"/>
         </label>
         <label label="rotation">
            <val val="15"/>
         </label>
         <label label="xpos">
            <val val="66"/>
         </label>
         <label label="ypos">
            <val val="240"/>
         </label>
      </env_state>
   </transition>
   <transition source_id="9" target_id="10">
      <events>
         <label label="">
            <val val="self"/>
         </label>
      </events>
      <env_state>
         <label label="h_xpos">
            <val val="157"/>
         </label>
         <label label="h_ypos">
            <val val="40"/>
         </label>
         <label label="rotation">
            <val val="15"/>
         </label>
         <label label="xpos">
            <val val="66"/>
         </label>
         <label label="ypos">
            <val val="231"/>
         </label>
      </env_state>
   </transition>
   <transition source_id="10" target_id="11">
      <events>
         <label label="">
            <val val="self"/>
         </label>
      </events>
      <env_state>
         <label label="h_xpos">
            <val val="157"/>
         </label>
         <label label="h_ypos">
            <val val="40"/>
         </label>
         <label label="rotation">
            <val val="15"/>
         </label>
         <label label="xpos">
            <val val="66"/>
         </label>
         <label label="ypos">
            <val val="228"/>
         </label>
      </env_state>
   </transition>
   <transition source_id="11" target_id="12">
      <events>
         <label label="">
            <val val="self"/>
         </label>
      </events>
      <env_state>
         <label label="h_xpos">
            <val val="157"/>
         </label>
         <label label="h_ypos">
            <val val="40"/>
         </label>
         <label label="rotation">
            <val val="15"/>
         </label>
         <label label="xpos">
            <val val="66"/>
         </label>
         <label label="ypos">
            <val val="218"/>
         </label>
      </env_state>
   </transition>
   <transition source_id="12" target_id="13">
      <events>
         <label label="">
            <val val="self"/>
         </label>
      </events>
      <env_state>
         <label label="h_xpos">
            <val val="157"/>
         </label>
         <label label="h_ypos">
            <val val="40"/>
         </label>
         <label label="rotation">
            <val val="15"/>
         </label>
         <label label="xpos">
            <val val="66"/>
         </label>
         <label label="ypos">
            <val val="213"/>
         </label>
      </env_state>
   </transition>
   <transition source_id="13" target_id="14">
      <events>
         <label label="">
            <val val="self"/>
         </label>
      </events>
      <env_state>
         <label label="h_xpos">
            <val val="157"/>
         </label>
         <label label="h_ypos">
            <val val="41"/>
         </label>
         <label label="rotation">
            <val val="15"/>
         </label>
         <label label="xpos">
            <val val="66"/>
         </label>
         <label label="ypos">
            <val val="207"/>
         </label>
      </env_state>
   </transition>
   <transition source_id="14" target_id="15">
      <events>
         <label label="">
            <val val="self"/>
         </label>
      </events>
      <env_state>
         <label label="h_xpos">
            <val val="False"/>
         </label>
         <label label="h_ypos">
            <val val="False"/>
         </label>
         <label label="rotation">
            <val val="15"/>
         </label>
         <label label="xpos">
            <val val="63"/>
         </label>
         <label label="ypos">
            <val val="198"/>
         </label>
      </env_state>
   </transition>
   <transition source_id="15" target_id="16">
      <events>
         <label label="">
            <val val="self"/>
         </label>
      </events>
      <env_state>
         <label label="h_xpos">
            <val val="157"/>
         </label>
         <label label="h_ypos">
            <val val="41"/>
         </label>
         <label label="rotation">
            <val val="15"/>
         </label>
         <label label="xpos">
            <val val="63"/>
         </label>
         <label label="ypos">
            <val val="192"/>
         </label>
      </env_state>
   </transition>
   <transition source_id="16" target_id="17">
      <events>
         <label label="">
            <val val="self"/>
         </label>
      </events>
      <env_state>
         <label label="h_xpos">
            <val val="157"/>
         </label>
         <label label="h_ypos">
            <val val="41"/>
         </label>
         <label label="rotation">
            <val val="15"/>
         </label>
         <label label="xpos">
            <val val="63"/>
         </label>
         <label label="ypos">
            <val val="184"/>
         </label>
      </env_state>
   </transition>
   <transition source_id="17" target_id="18">
      <events>
         <label label="">
            <val val="self"/>
         </label>
      </events>
      <env_state>
         <label label="h_xpos">
            <val val="157"/>
         </label>
         <label label="h_ypos">
            <val val="41"/>
         </label>
         <label label="rotation">
            <val val="15"/>
         </label>
         <label label="xpos">
            <val val="63"/>
         </label>
         <label label="ypos">
            <val val="181"/>
         </label>
      </env_state>
   </transition>
   <transition source_id="18" target_id="19">
      <events>
         <label label="">
            <val val="self"/>
         </label>
      </events>
      <env_state>
         <label label="h_xpos">
            <val val="157"/>
         </label>
         <label label="h_ypos">
            <val val="41"/>
         </label>
         <label label="rotation">
            <val val="356"/>
         </label>
         <label label="xpos">
            <val val="63"/>
         </label>
         <label label="ypos">
            <val val="173"/>
         </label>
      </env_state>
   </transition>
   <transition source_id="19" target_id="20">
      <events>
         <label label="">
            <val val="self"/>
         </label>
      </events>
      <env_state>
         <label label="h_xpos">
            <val val="157"/>
         </label>
         <label label="h_ypos">
            <val val="41"/>
         </label>
         <label label="rotation">
            <val val="12"/>
         </label>
         <label label="xpos">
            <val val="60"/>
         </label>
         <label label="ypos">
            <val val="169"/>
         </label>
      </env_state>
   </transition>
   <transition source_id="20" target_id="21">
      <events>
         <label label="">
            <val val="self"/>
         </label>
      </events>
      <env_state>
         <label label="h_xpos">
            <val val="157"/>
         </label>
         <label label="h_ypos">
            <val val="40"/>
         </label>
         <label label="rotation">
            <val val="12"/>
         </label>
         <label label="xpos">
            <val val="60"/>
         </label>
         <label label="ypos">
            <val val="158"/>
         </label>
      </env_state>
   </transition>
   <transition source_id="21" target_id="22">
      <events>
         <label label="">
            <val val="self"/>
         </label>
      </events>
      <env_state>
         <label label="h_xpos">
            <val val="157"/>
         </label>
         <label label="h_ypos">
            <val val="40"/>
         </label>
         <label label="rotation">
            <val val="12"/>
         </label>
         <label label="xpos">
            <val val="60"/>
         </label>
         <label label="ypos">
            <val val="153"/>
         </label>
      </env_state>
   </transition>
   <transition source_id="22" target_id="23">
      <events>
         <label label="">
            <val val="self"/>
         </label>
      </events>
      <env_state>
         <label label="h_xpos">
            <val val="157"/>
         </label>
         <label label="h_ypos">
            <val val="41"/>
         </label>
         <label label="rotation">
            <val val="12"/>
         </label>
         <label label="xpos">
            <val val="60"/>
         </label>
         <label label="ypos">
            <val val="147"/>
         </label>
      </env_state>
   </transition>
   <transition source_id="23" target_id="24">
      <events>
         <label label="">
            <val val="self"/>
         </label>
      </events>
      <env_state>
         <label label="h_xpos">
            <val val="157"/>
         </label>
         <label label="h_ypos">
            <val val="40"/>
         </label>
         <label label="rotation">
            <val val="12"/>
         </label>
         <label label="xpos">
            <val val="60"/>
         </label>
         <label label="ypos">
            <val val="144"/>
         </label>
      </env_state>
   </transition>
   <transition source_id="24" target_id="25">
      <events>
         <label label="">
            <val val="self"/>
         </label>
      </events>
      <env_state>
         <label label="h_xpos">
            <val val="157"/>
         </label>
         <label label="h_ypos">
            <val val="40"/>
         </label>
         <label label="rotation">
            <val val="12"/>
         </label>
         <label label="xpos">
            <val val="57"/>
         </label>
         <label label="ypos">
            <val val="138"/>
         </label>
      </env_state>
   </transition>
   <transition source_id="25" target_id="26">
      <events>
         <label label="">
            <val val="self"/>
         </label>
      </events>
      <env_state>
         <label label="h_xpos">
            <val val="157"/>
         </label>
         <label label="h_ypos">
            <val val="40"/>
         </label>
         <label label="rotation">
            <val val="12"/>
         </label>
         <label label="xpos">
            <val val="57"/>
         </label>
         <label label="ypos">
            <val val="135"/>
         </label>
      </env_state>
   </transition>
   <transition source_id="26" target_id="27">
      <events>
         <label label="">
            <val val="self"/>
         </label>
      </events>
      <env_state>
         <label label="h_xpos">
            <val val="157"/>
         </label>
         <label label="h_ypos">
            <val val="41"/>
         </label>
         <label label="rotation">
            <val val="12"/>
         </label>
         <label label="xpos">
            <val val="57"/>
         </label>
         <label label="ypos">
            <val val="128"/>
         </label>
      </env_state>
   </transition>
   <transition source_id="27" target_id="28">
      <events>
         <label label="">
            <val val="self"/>
         </label>
      </events>
      <env_state>
         <label label="h_xpos">
            <val val="157"/>
         </label>
         <label label="h_ypos">
            <val val="41"/>
         </label>
         <label label="rotation">
            <val val="12"/>
         </label>
         <label label="xpos">
            <val val="57"/>
         </label>
         <label label="ypos">
            <val val="125"/>
         </label>
      </env_state>
   </transition>
   <transition source_id="28" target_id="29">
      <events>
         <label label="">
            <val val="self"/>
         </label>
      </events>
      <env_state>
         <label label="h_xpos">
            <val val="157"/>
         </label>
         <label label="h_ypos">
            <val val="41"/>
         </label>
         <label label="rotation">
            <val val="12"/>
         </label>
         <label label="xpos">
            <val val="57"/>
         </label>
         <label label="ypos">
            <val val="120"/>
         </label>
      </env_state>
   </transition>
   <transition source_id="29" target_id="30">
      <events>
         <label label="">
            <val val="self"/>
         </label>
      </events>
      <env_state>
         <label label="h_xpos">
            <val val="157"/>
         </label>
         <label label="h_ypos">
            <val val="41"/>
         </label>
         <label label="rotation">
            <val val="12"/>
         </label>
         <label label="xpos">
            <val val="57"/>
         </label>
         <label label="ypos">
            <val val="117"/>
         </label>
      </env_state>
   </transition>
   <transition source_id="30" target_id="31">
      <events>
         <label label="">
            <val val="self"/>
         </label>
      </events>
      <env_state>
         <label label="h_xpos">
            <val val="157"/>
         </label>
         <label label="h_ypos">
            <val val="41"/>
         </label>
         <label label="rotation">
            <val val="12"/>
         </label>
         <label label="xpos">
            <val val="57"/>
         </label>
         <label label="ypos">
            <val val="114"/>
         </label>
      </env_state>
   </transition>
   <transition source_id="31" target_id="32">
      <events>
         <label label="">
            <val val="self"/>
         </label>
      </events>
      <env_state>
         <label label="h_xpos">
            <val val="157"/>
         </label>
         <label label="h_ypos">
            <val val="40"/>
         </label>
         <label label="rotation">
            <val val="12"/>
         </label>
         <label label="xpos">
            <val val="57"/>
         </label>
         <label label="ypos">
            <val val="109"/>
         </label>
      </env_state>
   </transition>
   <transition source_id="32" target_id="33">
      <events>
         <label label="">
            <val val="self"/>
         </label>
      </events>
      <env_state>
         <label label="h_xpos">
            <val val="157"/>
         </label>
         <label label="h_ypos">
            <val val="41"/>
         </label>
         <label label="rotation">
            <val val="140"/>
         </label>
         <label label="xpos">
            <val val="57"/>
         </label>
         <label label="ypos">
            <val val="106"/>
         </label>
      </env_state>
   </transition>
   <transition source_id="33" target_id="34">
      <events>
         <label label="">
            <val val="self"/>
         </label>
      </events>
      <env_state>
         <label label="h_xpos">
            <val val="157"/>
         </label>
         <label label="h_ypos">
            <val val="41"/>
         </label>
         <label label="rotation">
            <val val="24"/>
         </label>
         <label label="xpos">
            <val val="57"/>
         </label>
         <label label="ypos">
            <val val="103"/>
         </label>
      </env_state>
   </transition>
   <transition source_id="34" target_id="35">
      <events>
         <label label="">
            <val val="self"/>
         </label>
      </events>
      <env_state>
         <label label="h_xpos">
            <val val="157"/>
         </label>
         <label label="h_ypos">
            <val val="41"/>
         </label>
         <label label="rotation">
            <val val="24"/>
         </label>
         <label label="xpos">
            <val val="57"/>
         </label>
         <label label="ypos">
            <val val="100"/>
         </label>
      </env_state>
   </transition>
   <transition source_id="35" target_id="36">
      <events>
         <label label="">
            <val val="self"/>
         </label>
      </events>
      <env_state>
         <label label="h_xpos">
            <val val="False"/>
         </label>
         <label label="h_ypos">
            <val val="False"/>
         </label>
         <label label="rotation">
            <val val="24"/>
         </label>
         <label label="xpos">
            <val val="57"/>
         </label>
         <label label="ypos">
            <val val="97"/>
         </label>
      </env_state>
   </transition>
   <transition source_id="36" target_id="37">
      <events>
         <label label="">
            <val val="self"/>
         </label>
      </events>
      <env_state>
         <label label="h_xpos">
            <val val="157"/>
         </label>
         <label label="h_ypos">
            <val val="41"/>
         </label>
         <label label="rotation">
            <val val="24"/>
         </label>
         <label label="xpos">
            <val val="57"/>
         </label>
         <label label="ypos">
            <val val="94"/>
         </label>
      </env_state>
   </transition>
   <transition source_id="37" target_id="38">
      <events>
         <label label="">
            <val val="self"/>
         </label>
      </events>
      <env_state>
         <label label="h_xpos">
            <val val="157"/>
         </label>
         <label label="h_ypos">
            <val val="41"/>
         </label>
         <label label="rotation">
            <val val="24"/>
         </label>
         <label label="xpos">
            <val val="57"/>
         </label>
         <label label="ypos">
            <val val="91"/>
         </label>
      </env_state>
   </transition>
   <transition source_id="38" target_id="39">
      <events>
         <label label="">
            <val val="self"/>
         </label>
      </events>
      <env_state>
         <label label="h_xpos">
            <val val="157"/>
         </label>
         <label label="h_ypos">
            <val val="41"/>
         </label>
         <label label="rotation">
            <val val="24"/>
         </label>
         <label label="xpos">
            <val val="57"/>
         </label>
         <label label="ypos">
            <val val="88"/>
         </label>
      </env_state>
   </transition>
   <transition source_id="39" target_id="40">
      <events>
         <label label="">
            <val val="self"/>
         </label>
      </events>
      <env_state>
         <label label="h_xpos">
            <val val="157"/>
         </label>
         <label label="h_ypos">
            <val val="41"/>
         </label>
         <label label="rotation">
            <val val="24"/>
         </label>
         <label label="xpos">
            <val val="57"/>
         </label>
         <label label="ypos">
            <val val="85"/>
         </label>
      </env_state>
   </transition>
   <transition source_id="40" target_id="41">
      <events>
         <label label="">
            <val val="self"/>
         </label>
      </events>
      <env_state>
         <label label="h_xpos">
            <val val="157"/>
         </label>
         <label label="h_ypos">
            <val val="41"/>
         </label>
         <label label="rotation">
            <val val="24"/>
         </label>
         <label label="xpos">
            <val val="57"/>
         </label>
         <label label="ypos">
            <val val="82"/>
         </label>
      </env_state>
   </transition>
   <transition source_id="41" target_id="42">
      <events>
         <label label="">
            <val val="self"/>
         </label>
      </events>
      <env_state>
         <label label="h_xpos">
            <val val="157"/>
         </label>
         <label label="h_ypos">
            <val val="41"/>
         </label>
         <label label="rotation">
            <val val="24"/>
         </label>
         <label label="xpos">
            <val val="60"/>
         </label>
         <label label="ypos">
            <val val="80"/>
         </label>
      </env_state>
   </transition>
   <transition source_id="42" target_id="43">
      <events>
         <label label="">
            <val val="self"/>
         </label>
      </events>
      <env_state>
         <label label="h_xpos">
            <val val="157"/>
         </label>
         <label label="h_ypos">
            <val val="41"/>
         </label>
         <label label="rotation">
            <val val="24"/>
         </label>
         <label label="xpos">
            <val val="60"/>
         </label>
         <label label="ypos">
            <val val="78"/>
         </label>
      </env_state>
   </transition>
   <transition source_id="43" target_id="44">
      <events>
         <label label="">
            <val val="self"/>
         </label>
      </events>
      <env_state>
         <label label="h_xpos">
            <val val="157"/>
         </label>
         <label label="h_ypos">
            <val val="41"/>
         </label>
         <label label="rotation">
            <val val="24"/>
         </label>
         <label label="xpos">
            <val val="60"/>
         </label>
         <label label="ypos">
            <val val="74"/>
         </label>
      </env_state>
   </transition>
   <transition source_id="44" target_id="45">
      <events>
         <label label="">
            <val val="self"/>
         </label>
      </events>
      <env_state>
         <label label="h_xpos">
            <val val="157"/>
         </label>
         <label label="h_ypos">
            <val val="41"/>
         </label>
         <label label="rotation">
            <val val="24"/>
         </label>
         <label label="xpos">
            <val val="60"/>
         </label>
         <label label="ypos">
            <val val="72"/>
         </label>
      </env_state>
   </transition>
   <transition source_id="45" target_id="46">
      <events>
         <label label="">
            <val val="self"/>
         </label>
      </events>
      <env_state>
         <label label="h_xpos">
            <val val="157"/>
         </label>
         <label label="h_ypos">
            <val val="41"/>
         </label>
         <label label="rotation">
            <val val="24"/>
         </label>
         <label label="xpos">
            <val val="60"/>
         </label>
         <label label="ypos">
            <val val="69"/>
         </label>
      </env_state>
   </transition>
   <transition source_id="46" target_id="47">
      <events>
         <label label="">
            <val val="self"/>
         </label>
      </events>
      <env_state>
         <label label="h_xpos">
            <val val="157"/>
         </label>
         <label label="h_ypos">
            <val val="41"/>
         </label>
         <label label="rotation">
            <val val="24"/>
         </label>
         <label label="xpos">
            <val val="60"/>
         </label>
         <label label="ypos">
            <val val="65"/>
         </label>
      </env_state>
   </transition>
   <transition source_id="47" target_id="48">
      <events>
         <label label="">
            <val val="self"/>
         </label>
      </events>
      <env_state>
         <label label="h_xpos">
            <val val="157"/>
         </label>
         <label label="h_ypos">
            <val val="41"/>
         </label>
         <label label="rotation">
            <val val="40"/>
         </label>
         <label label="xpos">
            <val val="63"/>
         </label>
         <label label="ypos">
            <val val="60"/>
         </label>
      </env_state>
   </transition>
   <transition source_id="48" target_id="49">
      <events>
         <label label="">
            <val val="self"/>
         </label>
      </events>
      <env_state>
         <label label="h_xpos">
            <val val="157"/>
         </label>
         <label label="h_ypos">
            <val val="41"/>
         </label>
         <label label="rotation">
            <val val="159"/>
         </label>
         <label label="xpos">
            <val val="65"/>
         </label>
         <label label="ypos">
            <val val="58"/>
         </label>
      </env_state>
   </transition>
   <transition source_id="49" target_id="50">
      <events>
         <label label="">
            <val val="self"/>
         </label>
      </events>
      <env_state>
         <label label="h_xpos">
            <val val="157"/>
         </label>
         <label label="h_ypos">
            <val val="41"/>
         </label>
         <label label="rotation">
            <val val="278"/>
         </label>
         <label label="xpos">
            <val val="66"/>
         </label>
         <label label="ypos">
            <val val="57"/>
         </label>
      </env_state>
   </transition>
   <transition source_id="50" target_id="51">
      <events>
         <label label="">
            <val val="self"/>
         </label>
      </events>
      <env_state>
         <label label="h_xpos">
            <val val="157"/>
         </label>
         <label label="h_ypos">
            <val val="41"/>
         </label>
         <label label="rotation">
            <val val="43"/>
         </label>
         <label label="xpos">
            <val val="68"/>
         </label>
         <label label="ypos">
            <val val="52"/>
         </label>
      </env_state>
   </transition>
   <transition source_id="51" target_id="52">
      <events>
         <label label="">
            <val val="self"/>
         </label>
      </events>
      <env_state>
         <label label="h_xpos">
            <val val="157"/>
         </label>
         <label label="h_ypos">
            <val val="41"/>
         </label>
         <label label="rotation">
            <val val="43"/>
         </label>
         <label label="xpos">
            <val val="69"/>
         </label>
         <label label="ypos">
            <val val="49"/>
         </label>
      </env_state>
   </transition>
   <transition source_id="52" target_id="53">
      <events>
         <label label="">
            <val val="self"/>
         </label>
      </events>
      <env_state>
         <label label="h_xpos">
            <val val="157"/>
         </label>
         <label label="h_ypos">
            <val val="41"/>
         </label>
         <label label="rotation">
            <val val="43"/>
         </label>
         <label label="xpos">
            <val val="70"/>
         </label>
         <label label="ypos">
            <val val="48"/>
         </label>
      </env_state>
   </transition>
   <transition source_id="53" target_id="54">
      <events>
         <label label="">
            <val val="self"/>
         </label>
      </events>
      <env_state>
         <label label="h_xpos">
            <val val="False"/>
         </label>
         <label label="h_ypos">
            <val val="41"/>
         </label>
         <label label="rotation">
            <val val="43"/>
         </label>
         <label label="xpos">
            <val val="70"/>
         </label>
         <label label="ypos">
            <val val="47"/>
         </label>
      </env_state>
   </transition>
   <transition source_id="54" target_id="55">
      <events>
         <label label="">
            <val val="self"/>
         </label>
      </events>
      <env_state>
         <label label="h_xpos">
            <val val="157"/>
         </label>
         <label label="h_ypos">
            <val val="41"/>
         </label>
         <label label="rotation">
            <val val="43"/>
         </label>
         <label label="xpos">
            <val val="71"/>
         </label>
         <label label="ypos">
            <val val="46"/>
         </label>
      </env_state>
   </transition>
   <transition source_id="55" target_id="56">
      <events>
         <label label="">
            <val val="self"/>
         </label>
      </events>
      <env_state>
         <label label="h_xpos">
            <val val="False"/>
         </label>
         <label label="h_ypos">
            <val val="False"/>
         </label>
         <label label="rotation">
            <val val="65"/>
         </label>
         <label label="xpos">
            <val val="72"/>
         </label>
         <label label="ypos">
            <val val="44"/>
         </label>
      </env_state>
   </transition>
   <transition source_id="56" target_id="57">
      <events>
         <label label="">
            <val val="self"/>
         </label>
      </events>
      <env_state>
         <label label="h_xpos">
            <val val="157"/>
         </label>
         <label label="h_ypos">
            <val val="41"/>
         </label>
         <label label="rotation">
            <val val="94"/>
         </label>
         <label label="xpos">
            <val val="74"/>
         </label>
         <label label="ypos">
            <val val="41"/>
         </label>
      </env_state>
   </transition>
   <transition source_id="57" target_id="58">
      <events>
         <label label="">
            <val val="self"/>
         </label>
      </events>
      <env_state>
         <label label="h_xpos">
            <val val="157"/>
         </label>
         <label label="h_ypos">
            <val val="41"/>
         </label>
         <label label="rotation">
            <val val="69"/>
         </label>
         <label label="xpos">
            <val val="76"/>
         </label>
         <label label="ypos">
            <val val="40"/>
         </label>
      </env_state>
   </transition>
   <transition source_id="58" target_id="59">
      <events>
         <label label="">
            <val val="self"/>
         </label>
      </events>
      <env_state>
         <label label="h_xpos">
            <val val="157"/>
         </label>
         <label label="h_ypos">
            <val val="40"/>
         </label>
         <label label="rotation">
            <val val="73"/>
         </label>
         <label label="xpos">
            <val val="77"/>
         </label>
         <label label="ypos">
            <val val="38"/>
         </label>
      </env_state>
   </transition>
   <transition source_id="59" target_id="60">
      <events>
         <label label="">
            <val val="self"/>
         </label>
      </events>
      <env_state>
         <label label="h_xpos">
            <val val="157"/>
         </label>
         <label label="h_ypos">
            <val val="41"/>
         </label>
         <label label="rotation">
            <val val="77"/>
         </label>
         <label label="xpos">
            <val val="78"/>
         </label>
         <label label="ypos">
            <val val="37"/>
         </label>
      </env_state>
   </transition>
   <transition source_id="60" target_id="61">
      <events>
         <label label="">
            <val val="self"/>
         </label>
      </events>
      <env_state>
         <label label="h_xpos">
            <val val="157"/>
         </label>
         <label label="h_ypos">
            <val val="41"/>
         </label>
         <label label="rotation">
            <val val="81"/>
         </label>
         <label label="xpos">
            <val val="78"/>
         </label>
         <label label="ypos">
            <val val="35"/>
         </label>
      </env_state>
   </transition>
   <transition source_id="61" target_id="62">
      <events>
         <label label="">
            <val val="self"/>
         </label>
      </events>
      <env_state>
         <label label="h_xpos">
            <val val="False"/>
         </label>
         <label label="h_ypos">
            <val val="41"/>
         </label>
         <label label="rotation">
            <val val="85"/>
         </label>
         <label label="xpos">
            <val val="79"/>
         </label>
         <label label="ypos">
            <val val="34"/>
         </label>
      </env_state>
   </transition>
   <transition source_id="62" target_id="63">
      <events>
         <label label="">
            <val val="self"/>
         </label>
      </events>
      <env_state>
         <label label="h_xpos">
            <val val="157"/>
         </label>
         <label label="h_ypos">
            <val val="41"/>
         </label>
         <label label="rotation">
            <val val="85"/>
         </label>
         <label label="xpos">
            <val val="80"/>
         </label>
         <label label="ypos">
            <val val="33"/>
         </label>
      </env_state>
   </transition>
   <transition source_id="63" target_id="64">
      <events>
         <label label="">
            <val val="self"/>
         </label>
      </events>
      <env_state>
         <label label="h_xpos">
            <val val="157"/>
         </label>
         <label label="h_ypos">
            <val val="41"/>
         </label>
         <label label="rotation">
            <val val="85"/>
         </label>
         <label label="xpos">
            <val val="80"/>
         </label>
         <label label="ypos">
            <val val="32"/>
         </label>
      </env_state>
   </transition>
   <transition source_id="64" target_id="65">
      <events>
         <label label="">
            <val val="self"/>
         </label>
      </events>
      <env_state>
         <label label="h_xpos">
            <val val="False"/>
         </label>
         <label label="h_ypos">
            <val val="False"/>
         </label>
         <label label="rotation">
            <val val="85"/>
         </label>
         <label label="xpos">
            <val val="80"/>
         </label>
         <label label="ypos">
            <val val="31"/>
         </label>
      </env_state>
   </transition>
   <transition source_id="65" target_id="66">
      <events>
         <label label="">
            <val val="self"/>
         </label>
      </events>
      <env_state>
         <label label="h_xpos">
            <val val="157"/>
         </label>
         <label label="h_ypos">
            <val val="41"/>
         </label>
         <label label="rotation">
            <val val="100"/>
         </label>
         <label label="xpos">
            <val val="80"/>
         </label>
         <label label="ypos">
            <val val="31"/>
         </label>
      </env_state>
   </transition>
</interaction__self>
