<?xml version="1.0" ?>
<interaction__self>
   <state id="0">
      <behaviors>
         <behavior cat="sys">
            <value val="ON"/>
         </behavior>
      </behaviors>
   </state>
   <state id="1">
      <behaviors>
         <behavior cat="movement_x">
            <value val="84"/>
         </behavior>
         <behavior cat="movement_y">
            <value val="300"/>
         </behavior>
         <behavior cat="movement_time">
            <value val="0.1"/>
         </behavior>
      </behaviors>
   </state>
   <state id="2">
      <behaviors>
         <behavior cat="movement_x">
            <value val="82"/>
         </behavior>
         <behavior cat="movement_y">
            <value val="295"/>
         </behavior>
         <behavior cat="movement_time">
            <value val="0.1"/>
         </behavior>
      </behaviors>
   </state>
   <state id="3">
      <behaviors>
         <behavior cat="movement_x">
            <value val="80"/>
         </behavior>
         <behavior cat="movement_y">
            <value val="288"/>
         </behavior>
         <behavior cat="movement_time">
            <value val="0.1"/>
         </behavior>
      </behaviors>
   </state>
   <state id="4">
      <behaviors>
         <behavior cat="movement_x">
            <value val="79"/>
         </behavior>
         <behavior cat="movement_y">
            <value val="284"/>
         </behavior>
         <behavior cat="movement_angle">
            <value val="282"/>
         </behavior>
         <behavior cat="movement_time">
            <value val="0.1"/>
         </behavior>
      </behaviors>
   </state>
   <state id="5">
      <behaviors>
         <behavior cat="movement_x">
            <value val="78"/>
         </behavior>
         <behavior cat="movement_y">
            <value val="279"/>
         </behavior>
         <behavior cat="movement_angle">
            <value val="0"/>
         </behavior>
         <behavior cat="movement_time">
            <value val="0.1"/>
         </behavior>
      </behaviors>
   </state>
   <state id="6">
      <behaviors>
         <behavior cat="movement_x">
            <value val="77"/>
         </behavior>
         <behavior cat="movement_y">
            <value val="276"/>
         </behavior>
         <behavior cat="movement_time">
            <value val="0.1"/>
         </behavior>
      </behaviors>
   </state>
   <state id="7">
      <behaviors>
         <behavior cat="movement_x">
            <value val="76"/>
         </behavior>
         <behavior cat="movement_y">
            <value val="274"/>
         </behavior>
         <behavior cat="movement_time">
            <value val="0.1"/>
         </behavior>
      </behaviors>
   </state>
   <state id="8">
      <behaviors>
         <behavior cat="movement_x">
            <value val="75"/>
         </behavior>
         <behavior cat="movement_y">
            <value val="269"/>
         </behavior>
         <behavior cat="movement_time">
            <value val="0.1"/>
         </behavior>
      </behaviors>
   </state>
   <state id="9">
      <behaviors>
         <behavior cat="movement_x">
            <value val="74"/>
         </behavior>
         <behavior cat="movement_y">
            <value val="265"/>
         </behavior>
         <behavior cat="movement_time">
            <value val="0.1"/>
         </behavior>
      </behaviors>
   </state>
   <state id="10">
      <behaviors>
         <behavior cat="movement_x">
            <value val="72"/>
         </behavior>
         <behavior cat="movement_y">
            <value val="262"/>
         </behavior>
         <behavior cat="movement_time">
            <value val="0.1"/>
         </behavior>
      </behaviors>
   </state>
   <state id="11">
      <behaviors>
         <behavior cat="movement_x">
            <value val="71"/>
         </behavior>
         <behavior cat="movement_y">
            <value val="251"/>
         </behavior>
         <behavior cat="movement_time">
            <value val="0.1"/>
         </behavior>
      </behaviors>
   </state>
   <state id="12">
      <behaviors>
         <behavior cat="movement_x">
            <value val="69"/>
         </behavior>
         <behavior cat="movement_y">
            <value val="248"/>
         </behavior>
         <behavior cat="movement_time">
            <value val="0.1"/>
         </behavior>
      </behaviors>
   </state>
   <state id="13">
      <behaviors>
         <behavior cat="movement_x">
            <value val="68"/>
         </behavior>
         <behavior cat="movement_y">
            <value val="240"/>
         </behavior>
         <behavior cat="movement_time">
            <value val="0.1"/>
         </behavior>
      </behaviors>
   </state>
   <state id="14">
      <behaviors>
         <behavior cat="movement_x">
            <value val="66"/>
         </behavior>
         <behavior cat="movement_y">
            <value val="229"/>
         </behavior>
         <behavior cat="movement_time">
            <value val="0.1"/>
         </behavior>
      </behaviors>
   </state>
   <state id="15">
      <behaviors>
         <behavior cat="movement_y">
            <value val="226"/>
         </behavior>
         <behavior cat="movement_time">
            <value val="0.1"/>
         </behavior>
      </behaviors>
   </state>
   <state id="16">
      <behaviors>
         <behavior cat="movement_y">
            <value val="217"/>
         </behavior>
         <behavior cat="movement_time">
            <value val="0.1"/>
         </behavior>
      </behaviors>
   </state>
   <state id="17">
      <behaviors>
         <behavior cat="movement_y">
            <value val="214"/>
         </behavior>
         <behavior cat="movement_time">
            <value val="0.1"/>
         </behavior>
      </behaviors>
   </state>
   <state id="18">
      <behaviors>
         <behavior cat="movement_y">
            <value val="212"/>
         </behavior>
         <behavior cat="movement_time">
            <value val="0.1"/>
         </behavior>
      </behaviors>
   </state>
   <state id="19">
      <behaviors>
         <behavior cat="movement_x">
            <value val="63"/>
         </behavior>
         <behavior cat="movement_y">
            <value val="207"/>
         </behavior>
         <behavior cat="movement_time">
            <value val="0.1"/>
         </behavior>
      </behaviors>
   </state>
   <state id="20">
      <behaviors>
         <behavior cat="movement_y">
            <value val="204"/>
         </behavior>
         <behavior cat="movement_time">
            <value val="0.1"/>
         </behavior>
      </behaviors>
   </state>
   <state id="21">
      <behaviors>
         <behavior cat="movement_y">
            <value val="202"/>
         </behavior>
         <behavior cat="movement_time">
            <value val="0.1"/>
         </behavior>
      </behaviors>
   </state>
   <state id="22">
      <behaviors>
         <behavior cat="movement_y">
            <value val="198"/>
         </behavior>
         <behavior cat="movement_time">
            <value val="0.1"/>
         </behavior>
      </behaviors>
   </state>
   <state id="23">
      <behaviors>
         <behavior cat="movement_y">
            <value val="195"/>
         </behavior>
         <behavior cat="movement_time">
            <value val="0.1"/>
         </behavior>
      </behaviors>
   </state>
   <state id="24">
      <behaviors>
         <behavior cat="movement_y">
            <value val="186"/>
         </behavior>
         <behavior cat="movement_time">
            <value val="0.1"/>
         </behavior>
      </behaviors>
   </state>
   <state id="25">
      <behaviors>
         <behavior cat="movement_y">
            <value val="182"/>
         </behavior>
         <behavior cat="movement_time">
            <value val="0.1"/>
         </behavior>
      </behaviors>
   </state>
   <state id="26">
      <behaviors>
         <behavior cat="movement_x">
            <value val="60"/>
         </behavior>
         <behavior cat="movement_y">
            <value val="171"/>
         </behavior>
         <behavior cat="movement_time">
            <value val="0.1"/>
         </behavior>
      </behaviors>
   </state>
   <state id="27">
      <behaviors>
         <behavior cat="movement_y">
            <value val="168"/>
         </behavior>
         <behavior cat="movement_time">
            <value val="0.1"/>
         </behavior>
      </behaviors>
   </state>
   <state id="28">
      <behaviors>
         <behavior cat="movement_y">
            <value val="165"/>
         </behavior>
         <behavior cat="movement_time">
            <value val="0.1"/>
         </behavior>
      </behaviors>
   </state>
   <state id="29">
      <behaviors>
         <behavior cat="movement_y">
            <value val="160"/>
         </behavior>
         <behavior cat="movement_time">
            <value val="0.1"/>
         </behavior>
      </behaviors>
   </state>
   <state id="30">
      <behaviors>
         <behavior cat="movement_y">
            <value val="156"/>
         </behavior>
         <behavior cat="movement_time">
            <value val="0.1"/>
         </behavior>
      </behaviors>
   </state>
   <state id="31">
      <behaviors>
         <behavior cat="movement_y">
            <value val="148"/>
         </behavior>
         <behavior cat="movement_time">
            <value val="0.1"/>
         </behavior>
      </behaviors>
   </state>
   <state id="32">
      <behaviors>
         <behavior cat="movement_x">
            <value val="57"/>
         </behavior>
         <behavior cat="movement_y">
            <value val="144"/>
         </behavior>
         <behavior cat="movement_time">
            <value val="0.1"/>
         </behavior>
      </behaviors>
   </state>
   <state id="33">
      <behaviors>
         <behavior cat="movement_y">
            <value val="141"/>
         </behavior>
         <behavior cat="movement_time">
            <value val="0.1"/>
         </behavior>
      </behaviors>
   </state>
   <state id="34">
      <behaviors>
         <behavior cat="movement_y">
            <value val="138"/>
         </behavior>
         <behavior cat="movement_time">
            <value val="0.1"/>
         </behavior>
      </behaviors>
   </state>
   <state id="35">
      <behaviors>
         <behavior cat="movement_y">
            <value val="133"/>
         </behavior>
         <behavior cat="movement_time">
            <value val="0.1"/>
         </behavior>
      </behaviors>
   </state>
   <state id="36">
      <behaviors>
         <behavior cat="movement_y">
            <value val="130"/>
         </behavior>
         <behavior cat="movement_time">
            <value val="0.1"/>
         </behavior>
      </behaviors>
   </state>
   <state id="37">
      <behaviors>
         <behavior cat="movement_y">
            <value val="128"/>
         </behavior>
         <behavior cat="movement_time">
            <value val="0.1"/>
         </behavior>
      </behaviors>
   </state>
   <state id="38">
      <behaviors>
         <behavior cat="movement_y">
            <value val="122"/>
         </behavior>
         <behavior cat="movement_time">
            <value val="0.1"/>
         </behavior>
      </behaviors>
   </state>
   <state id="39">
      <behaviors>
         <behavior cat="movement_y">
            <value val="119"/>
         </behavior>
         <behavior cat="movement_time">
            <value val="0.1"/>
         </behavior>
      </behaviors>
   </state>
   <state id="40">
      <behaviors>
         <behavior cat="movement_y">
            <value val="116"/>
         </behavior>
         <behavior cat="movement_time">
            <value val="0.1"/>
         </behavior>
      </behaviors>
   </state>
   <state id="41">
      <behaviors>
         <behavior cat="movement_y">
            <value val="112"/>
         </behavior>
         <behavior cat="movement_time">
            <value val="0.1"/>
         </behavior>
      </behaviors>
   </state>
   <state id="42">
      <behaviors>
         <behavior cat="movement_y">
            <value val="107"/>
         </behavior>
         <behavior cat="movement_time">
            <value val="0.1"/>
         </behavior>
      </behaviors>
   </state>
   <state id="43">
      <behaviors>
         <behavior cat="movement_y">
            <value val="104"/>
         </behavior>
         <behavior cat="movement_angle">
            <value val="16"/>
         </behavior>
         <behavior cat="movement_time">
            <value val="0.1"/>
         </behavior>
      </behaviors>
   </state>
   <state id="44">
      <behaviors>
         <behavior cat="movement_y">
            <value val="101"/>
         </behavior>
         <behavior cat="movement_time">
            <value val="0.1"/>
         </behavior>
      </behaviors>
   </state>
   <state id="45">
      <behaviors>
         <behavior cat="movement_y">
            <value val="95"/>
         </behavior>
         <behavior cat="movement_time">
            <value val="0.1"/>
         </behavior>
      </behaviors>
   </state>
   <state id="46">
      <behaviors>
         <behavior cat="movement_y">
            <value val="92"/>
         </behavior>
         <behavior cat="movement_time">
            <value val="0.1"/>
         </behavior>
      </behaviors>
   </state>
   <state id="47">
      <behaviors>
         <behavior cat="movement_y">
            <value val="90"/>
         </behavior>
         <behavior cat="movement_time">
            <value val="0.1"/>
         </behavior>
      </behaviors>
   </state>
   <state id="48">
      <behaviors>
         <behavior cat="movement_y">
            <value val="84"/>
         </behavior>
         <behavior cat="movement_time">
            <value val="0.1"/>
         </behavior>
      </behaviors>
   </state>
   <state id="49">
      <behaviors>
         <behavior cat="movement_y">
            <value val="81"/>
         </behavior>
         <behavior cat="movement_time">
            <value val="0.1"/>
         </behavior>
      </behaviors>
   </state>
   <state id="50">
      <behaviors>
         <behavior cat="movement_y">
            <value val="78"/>
         </behavior>
         <behavior cat="movement_time">
            <value val="0.1"/>
         </behavior>
      </behaviors>
   </state>
   <state id="51">
      <behaviors>
         <behavior cat="movement_y">
            <value val="74"/>
         </behavior>
         <behavior cat="movement_time">
            <value val="0.1"/>
         </behavior>
      </behaviors>
   </state>
   <state id="52">
      <behaviors>
         <behavior cat="movement_y">
            <value val="71"/>
         </behavior>
         <behavior cat="movement_time">
            <value val="0.1"/>
         </behavior>
      </behaviors>
   </state>
   <state id="53">
      <behaviors>
         <behavior cat="movement_y">
            <value val="68"/>
         </behavior>
         <behavior cat="movement_angle">
            <value val="32"/>
         </behavior>
         <behavior cat="movement_time">
            <value val="0.1"/>
         </behavior>
      </behaviors>
   </state>
   <state id="54">
      <behaviors>
         <behavior cat="movement_x">
            <value val="60"/>
         </behavior>
         <behavior cat="movement_y">
            <value val="64"/>
         </behavior>
         <behavior cat="movement_time">
            <value val="0.1"/>
         </behavior>
      </behaviors>
   </state>
   <state id="55">
      <behaviors>
         <behavior cat="movement_x">
            <value val="61"/>
         </behavior>
         <behavior cat="movement_y">
            <value val="61"/>
         </behavior>
         <behavior cat="movement_time">
            <value val="0.1"/>
         </behavior>
      </behaviors>
   </state>
   <state id="56">
      <behaviors>
         <behavior cat="movement_x">
            <value val="62"/>
         </behavior>
         <behavior cat="movement_y">
            <value val="60"/>
         </behavior>
         <behavior cat="movement_time">
            <value val="0.1"/>
         </behavior>
      </behaviors>
   </state>
   <state id="57">
      <behaviors>
         <behavior cat="movement_x">
            <value val="62"/>
         </behavior>
         <behavior cat="movement_y">
            <value val="58"/>
         </behavior>
         <behavior cat="movement_time">
            <value val="0.1"/>
         </behavior>
      </behaviors>
   </state>
   <state id="58">
      <behaviors>
         <behavior cat="movement_x">
            <value val="63"/>
         </behavior>
         <behavior cat="movement_y">
            <value val="55"/>
         </behavior>
         <behavior cat="movement_angle">
            <value val="48"/>
         </behavior>
         <behavior cat="movement_time">
            <value val="0.1"/>
         </behavior>
      </behaviors>
   </state>
   <state id="59">
      <behaviors>
         <behavior cat="movement_x">
            <value val="64"/>
         </behavior>
         <behavior cat="movement_y">
            <value val="51"/>
         </behavior>
         <behavior cat="movement_time">
            <value val="0.1"/>
         </behavior>
      </behaviors>
   </state>
   <state id="60">
      <behaviors>
         <behavior cat="movement_x">
            <value val="64"/>
         </behavior>
         <behavior cat="movement_y">
            <value val="50"/>
         </behavior>
         <behavior cat="movement_time">
            <value val="0.1"/>
         </behavior>
      </behaviors>
   </state>
   <state id="61">
      <behaviors>
         <behavior cat="movement_x">
            <value val="65"/>
         </behavior>
         <behavior cat="movement_y">
            <value val="48"/>
         </behavior>
         <behavior cat="movement_time">
            <value val="0.1"/>
         </behavior>
      </behaviors>
   </state>
   <state id="62">
      <behaviors>
         <behavior cat="movement_x">
            <value val="66"/>
         </behavior>
         <behavior cat="movement_y">
            <value val="45"/>
         </behavior>
         <behavior cat="movement_time">
            <value val="0.1"/>
         </behavior>
      </behaviors>
   </state>
   <state id="63">
      <behaviors>
         <behavior cat="movement_x">
            <value val="69"/>
         </behavior>
         <behavior cat="movement_y">
            <value val="42"/>
         </behavior>
         <behavior cat="movement_time">
            <value val="0.1"/>
         </behavior>
      </behaviors>
   </state>
   <state id="64">
      <behaviors>
         <behavior cat="movement_x">
            <value val="70"/>
         </behavior>
         <behavior cat="movement_y">
            <value val="41"/>
         </behavior>
         <behavior cat="movement_angle">
            <value val="65"/>
         </behavior>
         <behavior cat="movement_time">
            <value val="0.1"/>
         </behavior>
      </behaviors>
   </state>
   <state id="65">
      <behaviors>
         <behavior cat="movement_x">
            <value val="71"/>
         </behavior>
         <behavior cat="movement_y">
            <value val="40"/>
         </behavior>
         <behavior cat="movement_angle">
            <value val="159"/>
         </behavior>
         <behavior cat="movement_time">
            <value val="0.1"/>
         </behavior>
      </behaviors>
   </state>
   <state id="66">
      <behaviors>
         <behavior cat="movement_x">
            <value val="72"/>
         </behavior>
         <behavior cat="movement_y">
            <value val="39"/>
         </behavior>
         <behavior cat="movement_angle">
            <value val="176"/>
         </behavior>
         <behavior cat="movement_time">
            <value val="0.1"/>
         </behavior>
      </behaviors>
   </state>
   <state id="67">
      <behaviors>
         <behavior cat="movement_x">
            <value val="76"/>
         </behavior>
         <behavior cat="movement_y">
            <value val="38"/>
         </behavior>
         <behavior cat="movement_angle">
            <value val="72"/>
         </behavior>
         <behavior cat="movement_time">
            <value val="0.1"/>
         </behavior>
      </behaviors>
   </state>
   <state id="68">
      <behaviors>
         <behavior cat="movement_x">
            <value val="78"/>
         </behavior>
         <behavior cat="movement_y">
            <value val="36"/>
         </behavior>
         <behavior cat="movement_time">
            <value val="0.1"/>
         </behavior>
      </behaviors>
   </state>
   <state id="69">
      <behaviors>
         <behavior cat="movement_x">
            <value val="79"/>
         </behavior>
         <behavior cat="movement_y">
            <value val="35"/>
         </behavior>
         <behavior cat="movement_time">
            <value val="0.1"/>
         </behavior>
      </behaviors>
   </state>
   <state id="70">
      <behaviors>
         <behavior cat="movement_x">
            <value val="82"/>
         </behavior>
         <behavior cat="movement_y">
            <value val="34"/>
         </behavior>
         <behavior cat="movement_time">
            <value val="0.1"/>
         </behavior>
      </behaviors>
   </state>
   <state id="71">
      <behaviors>
         <behavior cat="movement_x">
            <value val="85"/>
         </behavior>
         <behavior cat="movement_y">
            <value val="34"/>
         </behavior>
         <behavior cat="movement_time">
            <value val="0.1"/>
         </behavior>
      </behaviors>
   </state>
   <state id="72">
      <behaviors>
         <behavior cat="movement_x">
            <value val="87"/>
         </behavior>
         <behavior cat="movement_y">
            <value val="33"/>
         </behavior>
         <behavior cat="movement_time">
            <value val="0.1"/>
         </behavior>
      </behaviors>
   </state>
   <state id="73">
      <behaviors>
         <behavior cat="movement_x">
            <value val="89"/>
         </behavior>
         <behavior cat="movement_y">
            <value val="32"/>
         </behavior>
         <behavior cat="movement_time">
            <value val="0.1"/>
         </behavior>
      </behaviors>
   </state>
   <state id="74">
      <behaviors>
         <behavior cat="movement_x">
            <value val="90"/>
         </behavior>
         <behavior cat="movement_y">
            <value val="32"/>
         </behavior>
         <behavior cat="movement_time">
            <value val="0.1"/>
         </behavior>
      </behaviors>
   </state>
   <state id="75">
      <behaviors>
         <behavior cat="movement_x">
            <value val="92"/>
         </behavior>
         <behavior cat="movement_y">
            <value val="31"/>
         </behavior>
         <behavior cat="movement_time">
            <value val="0.1"/>
         </behavior>
      </behaviors>
   </state>
   <state id="76">
      <behaviors>
         <behavior cat="movement_x">
            <value val="94"/>
         </behavior>
         <behavior cat="movement_y">
            <value val="30"/>
         </behavior>
         <behavior cat="movement_time">
            <value val="0.1"/>
         </behavior>
      </behaviors>
   </state>
   <state id="77">
      <behaviors>
         <behavior cat="movement_x">
            <value val="97"/>
         </behavior>
         <behavior cat="movement_time">
            <value val="0.1"/>
         </behavior>
      </behaviors>
   </state>
   <state id="78">
      <behaviors>
         <behavior cat="sys">
            <value val="OFF"/>
         </behavior>
      </behaviors>
   </state>
   <init id="0"/>
   <transition source_id="0" target_id="1">
      <events>
         <label label="">
            <val val="self"/>
         </label>
      </events>
      <env_state>
         <label label="h_xpos">
            <val val="155"/>
         </label>
         <label label="h_ypos">
            <val val="42"/>
         </label>
         <label label="rotation">
            <val val="2"/>
         </label>
         <label label="xpos">
            <val val="87"/>
         </label>
         <label label="ypos">
            <val val="303"/>
         </label>
      </env_state>
   </transition>
   <transition source_id="1" target_id="2">
      <events>
         <label label="">
            <val val="self"/>
         </label>
      </events>
      <env_state>
         <label label="h_xpos">
            <val val="False"/>
         </label>
         <label label="h_ypos">
            <val val="False"/>
         </label>
         <label label="rotation">
            <val val="2"/>
         </label>
         <label label="xpos">
            <val val="84"/>
         </label>
         <label label="ypos">
            <val val="300"/>
         </label>
      </env_state>
   </transition>
   <transition source_id="2" target_id="3">
      <events>
         <label label="">
            <val val="self"/>
         </label>
      </events>
      <env_state>
         <label label="h_xpos">
            <val val="155"/>
         </label>
         <label label="h_ypos">
            <val val="42"/>
         </label>
         <label label="rotation">
            <val val="2"/>
         </label>
         <label label="xpos">
            <val val="82"/>
         </label>
         <label label="ypos">
            <val val="295"/>
         </label>
      </env_state>
   </transition>
   <transition source_id="3" target_id="4">
      <events>
         <label label="">
            <val val="self"/>
         </label>
      </events>
      <env_state>
         <label label="h_xpos">
            <val val="155"/>
         </label>
         <label label="h_ypos">
            <val val="42"/>
         </label>
         <label label="rotation">
            <val val="2"/>
         </label>
         <label label="xpos">
            <val val="80"/>
         </label>
         <label label="ypos">
            <val val="288"/>
         </label>
      </env_state>
   </transition>
   <transition source_id="4" target_id="5">
      <events>
         <label label="">
            <val val="self"/>
         </label>
      </events>
      <env_state>
         <label label="h_xpos">
            <val val="155"/>
         </label>
         <label label="h_ypos">
            <val val="42"/>
         </label>
         <label label="rotation">
            <val val="282"/>
         </label>
         <label label="xpos">
            <val val="79"/>
         </label>
         <label label="ypos">
            <val val="284"/>
         </label>
      </env_state>
   </transition>
   <transition source_id="5" target_id="6">
      <events>
         <label label="">
            <val val="self"/>
         </label>
      </events>
      <env_state>
         <label label="h_xpos">
            <val val="155"/>
         </label>
         <label label="h_ypos">
            <val val="42"/>
         </label>
         <label label="rotation">
            <val val="0"/>
         </label>
         <label label="xpos">
            <val val="78"/>
         </label>
         <label label="ypos">
            <val val="279"/>
         </label>
      </env_state>
   </transition>
   <transition source_id="6" target_id="7">
      <events>
         <label label="">
            <val val="self"/>
         </label>
      </events>
      <env_state>
         <label label="h_xpos">
            <val val="155"/>
         </label>
         <label label="h_ypos">
            <val val="42"/>
         </label>
         <label label="rotation">
            <val val="0"/>
         </label>
         <label label="xpos">
            <val val="77"/>
         </label>
         <label label="ypos">
            <val val="276"/>
         </label>
      </env_state>
   </transition>
   <transition source_id="7" target_id="8">
      <events>
         <label label="">
            <val val="self"/>
         </label>
      </events>
      <env_state>
         <label label="h_xpos">
            <val val="False"/>
         </label>
         <label label="h_ypos">
            <val val="False"/>
         </label>
         <label label="rotation">
            <val val="0"/>
         </label>
         <label label="xpos">
            <val val="76"/>
         </label>
         <label label="ypos">
            <val val="274"/>
         </label>
      </env_state>
   </transition>
   <transition source_id="8" target_id="9">
      <events>
         <label label="">
            <val val="self"/>
         </label>
      </events>
      <env_state>
         <label label="h_xpos">
            <val val="155"/>
         </label>
         <label label="h_ypos">
            <val val="42"/>
         </label>
         <label label="rotation">
            <val val="0"/>
         </label>
         <label label="xpos">
            <val val="75"/>
         </label>
         <label label="ypos">
            <val val="269"/>
         </label>
      </env_state>
   </transition>
   <transition source_id="9" target_id="10">
      <events>
         <label label="">
            <val val="self"/>
         </label>
      </events>
      <env_state>
         <label label="h_xpos">
            <val val="155"/>
         </label>
         <label label="h_ypos">
            <val val="42"/>
         </label>
         <label label="rotation">
            <val val="0"/>
         </label>
         <label label="xpos">
            <val val="74"/>
         </label>
         <label label="ypos">
            <val val="265"/>
         </label>
      </env_state>
   </transition>
   <transition source_id="10" target_id="11">
      <events>
         <label label="">
            <val val="self"/>
         </label>
      </events>
      <env_state>
         <label label="h_xpos">
            <val val="155"/>
         </label>
         <label label="h_ypos">
            <val val="42"/>
         </label>
         <label label="rotation">
            <val val="0"/>
         </label>
         <label label="xpos">
            <val val="72"/>
         </label>
         <label label="ypos">
            <val val="262"/>
         </label>
      </env_state>
   </transition>
   <transition source_id="11" target_id="12">
      <events>
         <label label="">
            <val val="self"/>
         </label>
      </events>
      <env_state>
         <label label="h_xpos">
            <val val="155"/>
         </label>
         <label label="h_ypos">
            <val val="42"/>
         </label>
         <label label="rotation">
            <val val="0"/>
         </label>
         <label label="xpos">
            <val val="71"/>
         </label>
         <label label="ypos">
            <val val="251"/>
         </label>
      </env_state>
   </transition>
   <transition source_id="12" target_id="13">
      <events>
         <label label="">
            <val val="self"/>
         </label>
      </events>
      <env_state>
         <label label="h_xpos">
            <val val="False"/>
         </label>
         <label label="h_ypos">
            <val val="False"/>
         </label>
         <label label="rotation">
            <val val="0"/>
         </label>
         <label label="xpos">
            <val val="69"/>
         </label>
         <label label="ypos">
            <val val="248"/>
         </label>
      </env_state>
   </transition>
   <transition source_id="13" target_id="14">
      <events>
         <label label="">
            <val val="self"/>
         </label>
      </events>
      <env_state>
         <label label="h_xpos">
            <val val="155"/>
         </label>
         <label label="h_ypos">
            <val val="42"/>
         </label>
         <label label="rotation">
            <val val="0"/>
         </label>
         <label label="xpos">
            <val val="68"/>
         </label>
         <label label="ypos">
            <val val="240"/>
         </label>
      </env_state>
   </transition>
   <transition source_id="14" target_id="15">
      <events>
         <label label="">
            <val val="self"/>
         </label>
      </events>
      <env_state>
         <label label="h_xpos">
            <val val="155"/>
         </label>
         <label label="h_ypos">
            <val val="42"/>
         </label>
         <label label="rotation">
            <val val="0"/>
         </label>
         <label label="xpos">
            <val val="66"/>
         </label>
         <label label="ypos">
            <val val="229"/>
         </label>
      </env_state>
   </transition>
   <transition source_id="15" target_id="16">
      <events>
         <label label="">
            <val val="self"/>
         </label>
      </events>
      <env_state>
         <label label="h_xpos">
            <val val="155"/>
         </label>
         <label label="h_ypos">
            <val val="42"/>
         </label>
         <label label="rotation">
            <val val="0"/>
         </label>
         <label label="xpos">
            <val val="66"/>
         </label>
         <label label="ypos">
            <val val="226"/>
         </label>
      </env_state>
   </transition>
   <transition source_id="16" target_id="17">
      <events>
         <label label="">
            <val val="self"/>
         </label>
      </events>
      <env_state>
         <label label="h_xpos">
            <val val="155"/>
         </label>
         <label label="h_ypos">
            <val val="42"/>
         </label>
         <label label="rotation">
            <val val="0"/>
         </label>
         <label label="xpos">
            <val val="66"/>
         </label>
         <label label="ypos">
            <val val="217"/>
         </label>
      </env_state>
   </transition>
   <transition source_id="17" target_id="18">
      <events>
         <label label="">
            <val val="self"/>
         </label>
      </events>
      <env_state>
         <label label="h_xpos">
            <val val="155"/>
         </label>
         <label label="h_ypos">
            <val val="42"/>
         </label>
         <label label="rotation">
            <val val="0"/>
         </label>
         <label label="xpos">
            <val val="66"/>
         </label>
         <label label="ypos">
            <val val="214"/>
         </label>
      </env_state>
   </transition>
   <transition source_id="18" target_id="19">
      <events>
         <label label="">
            <val val="self"/>
         </label>
      </events>
      <env_state>
         <label label="h_xpos">
            <val val="155"/>
         </label>
         <label label="h_ypos">
            <val val="42"/>
         </label>
         <label label="rotation">
            <val val="0"/>
         </label>
         <label label="xpos">
            <val val="66"/>
         </label>
         <label label="ypos">
            <val val="212"/>
         </label>
      </env_state>
   </transition>
   <transition source_id="19" target_id="20">
      <events>
         <label label="">
            <val val="self"/>
         </label>
      </events>
      <env_state>
         <label label="h_xpos">
            <val val="155"/>
         </label>
         <label label="h_ypos">
            <val val="42"/>
         </label>
         <label label="rotation">
            <val val="0"/>
         </label>
         <label label="xpos">
            <val val="63"/>
         </label>
         <label label="ypos">
            <val val="207"/>
         </label>
      </env_state>
   </transition>
   <transition source_id="20" target_id="21">
      <events>
         <label label="">
            <val val="self"/>
         </label>
      </events>
      <env_state>
         <label label="h_xpos">
            <val val="155"/>
         </label>
         <label label="h_ypos">
            <val val="42"/>
         </label>
         <label label="rotation">
            <val val="0"/>
         </label>
         <label label="xpos">
            <val val="63"/>
         </label>
         <label label="ypos">
            <val val="204"/>
         </label>
      </env_state>
   </transition>
   <transition source_id="21" target_id="22">
      <events>
         <label label="">
            <val val="self"/>
         </label>
      </events>
      <env_state>
         <label label="h_xpos">
            <val val="155"/>
         </label>
         <label label="h_ypos">
            <val val="42"/>
         </label>
         <label label="rotation">
            <val val="0"/>
         </label>
         <label label="xpos">
            <val val="63"/>
         </label>
         <label label="ypos">
            <val val="202"/>
         </label>
      </env_state>
   </transition>
   <transition source_id="22" target_id="23">
      <events>
         <label label="">
            <val val="self"/>
         </label>
      </events>
      <env_state>
         <label label="h_xpos">
            <val val="155"/>
         </label>
         <label label="h_ypos">
            <val val="42"/>
         </label>
         <label label="rotation">
            <val val="0"/>
         </label>
         <label label="xpos">
            <val val="63"/>
         </label>
         <label label="ypos">
            <val val="198"/>
         </label>
      </env_state>
   </transition>
   <transition source_id="23" target_id="24">
      <events>
         <label label="">
            <val val="self"/>
         </label>
      </events>
      <env_state>
         <label label="h_xpos">
            <val val="155"/>
         </label>
         <label label="h_ypos">
            <val val="42"/>
         </label>
         <label label="rotation">
            <val val="0"/>
         </label>
         <label label="xpos">
            <val val="63"/>
         </label>
         <label label="ypos">
            <val val="195"/>
         </label>
      </env_state>
   </transition>
   <transition source_id="24" target_id="25">
      <events>
         <label label="">
            <val val="self"/>
         </label>
      </events>
      <env_state>
         <label label="h_xpos">
            <val val="155"/>
         </label>
         <label label="h_ypos">
            <val val="42"/>
         </label>
         <label label="rotation">
            <val val="0"/>
         </label>
         <label label="xpos">
            <val val="63"/>
         </label>
         <label label="ypos">
            <val val="186"/>
         </label>
      </env_state>
   </transition>
   <transition source_id="25" target_id="26">
      <events>
         <label label="">
            <val val="self"/>
         </label>
      </events>
      <env_state>
         <label label="h_xpos">
            <val val="155"/>
         </label>
         <label label="h_ypos">
            <val val="42"/>
         </label>
         <label label="rotation">
            <val val="0"/>
         </label>
         <label label="xpos">
            <val val="63"/>
         </label>
         <label label="ypos">
            <val val="182"/>
         </label>
      </env_state>
   </transition>
   <transition source_id="26" target_id="27">
      <events>
         <label label="">
            <val val="self"/>
         </label>
      </events>
      <env_state>
         <label label="h_xpos">
            <val val="155"/>
         </label>
         <label label="h_ypos">
            <val val="42"/>
         </label>
         <label label="rotation">
            <val val="0"/>
         </label>
         <label label="xpos">
            <val val="60"/>
         </label>
         <label label="ypos">
            <val val="171"/>
         </label>
      </env_state>
   </transition>
   <transition source_id="27" target_id="28">
      <events>
         <label label="">
            <val val="self"/>
         </label>
      </events>
      <env_state>
         <label label="h_xpos">
            <val val="155"/>
         </label>
         <label label="h_ypos">
            <val val="42"/>
         </label>
         <label label="rotation">
            <val val="0"/>
         </label>
         <label label="xpos">
            <val val="60"/>
         </label>
         <label label="ypos">
            <val val="168"/>
         </label>
      </env_state>
   </transition>
   <transition source_id="28" target_id="29">
      <events>
         <label label="">
            <val val="self"/>
         </label>
      </events>
      <env_state>
         <label label="h_xpos">
            <val val="155"/>
         </label>
         <label label="h_ypos">
            <val val="42"/>
         </label>
         <label label="rotation">
            <val val="0"/>
         </label>
         <label label="xpos">
            <val val="60"/>
         </label>
         <label label="ypos">
            <val val="165"/>
         </label>
      </env_state>
   </transition>
   <transition source_id="29" target_id="30">
      <events>
         <label label="">
            <val val="self"/>
         </label>
      </events>
      <env_state>
         <label label="h_xpos">
            <val val="155"/>
         </label>
         <label label="h_ypos">
            <val val="42"/>
         </label>
         <label label="rotation">
            <val val="0"/>
         </label>
         <label label="xpos">
            <val val="60"/>
         </label>
         <label label="ypos">
            <val val="160"/>
         </label>
      </env_state>
   </transition>
   <transition source_id="30" target_id="31">
      <events>
         <label label="">
            <val val="self"/>
         </label>
      </events>
      <env_state>
         <label label="h_xpos">
            <val val="155"/>
         </label>
         <label label="h_ypos">
            <val val="42"/>
         </label>
         <label label="rotation">
            <val val="0"/>
         </label>
         <label label="xpos">
            <val val="60"/>
         </label>
         <label label="ypos">
            <val val="156"/>
         </label>
      </env_state>
   </transition>
   <transition source_id="31" target_id="32">
      <events>
         <label label="">
            <val val="self"/>
         </label>
      </events>
      <env_state>
         <label label="h_xpos">
            <val val="False"/>
         </label>
         <label label="h_ypos">
            <val val="42"/>
         </label>
         <label label="rotation">
            <val val="0"/>
         </label>
         <label label="xpos">
            <val val="60"/>
         </label>
         <label label="ypos">
            <val val="148"/>
         </label>
      </env_state>
   </transition>
   <transition source_id="32" target_id="33">
      <events>
         <label label="">
            <val val="self"/>
         </label>
      </events>
      <env_state>
         <label label="h_xpos">
            <val val="155"/>
         </label>
         <label label="h_ypos">
            <val val="42"/>
         </label>
         <label label="rotation">
            <val val="0"/>
         </label>
         <label label="xpos">
            <val val="57"/>
         </label>
         <label label="ypos">
            <val val="144"/>
         </label>
      </env_state>
   </transition>
   <transition source_id="33" target_id="34">
      <events>
         <label label="">
            <val val="self"/>
         </label>
      </events>
      <env_state>
         <label label="h_xpos">
            <val val="155"/>
         </label>
         <label label="h_ypos">
            <val val="42"/>
         </label>
         <label label="rotation">
            <val val="0"/>
         </label>
         <label label="xpos">
            <val val="57"/>
         </label>
         <label label="ypos">
            <val val="141"/>
         </label>
      </env_state>
   </transition>
   <transition source_id="34" target_id="35">
      <events>
         <label label="">
            <val val="self"/>
         </label>
      </events>
      <env_state>
         <label label="h_xpos">
            <val val="155"/>
         </label>
         <label label="h_ypos">
            <val val="42"/>
         </label>
         <label label="rotation">
            <val val="0"/>
         </label>
         <label label="xpos">
            <val val="57"/>
         </label>
         <label label="ypos">
            <val val="138"/>
         </label>
      </env_state>
   </transition>
   <transition source_id="35" target_id="36">
      <events>
         <label label="">
            <val val="self"/>
         </label>
      </events>
      <env_state>
         <label label="h_xpos">
            <val val="155"/>
         </label>
         <label label="h_ypos">
            <val val="42"/>
         </label>
         <label label="rotation">
            <val val="0"/>
         </label>
         <label label="xpos">
            <val val="57"/>
         </label>
         <label label="ypos">
            <val val="133"/>
         </label>
      </env_state>
   </transition>
   <transition source_id="36" target_id="37">
      <events>
         <label label="">
            <val val="self"/>
         </label>
      </events>
      <env_state>
         <label label="h_xpos">
            <val val="155"/>
         </label>
         <label label="h_ypos">
            <val val="42"/>
         </label>
         <label label="rotation">
            <val val="0"/>
         </label>
         <label label="xpos">
            <val val="57"/>
         </label>
         <label label="ypos">
            <val val="130"/>
         </label>
      </env_state>
   </transition>
   <transition source_id="37" target_id="38">
      <events>
         <label label="">
            <val val="self"/>
         </label>
      </events>
      <env_state>
         <label label="h_xpos">
            <val val="155"/>
         </label>
         <label label="h_ypos">
            <val val="42"/>
         </label>
         <label label="rotation">
            <val val="0"/>
         </label>
         <label label="xpos">
            <val val="57"/>
         </label>
         <label label="ypos">
            <val val="128"/>
         </label>
      </env_state>
   </transition>
   <transition source_id="38" target_id="39">
      <events>
         <label label="">
            <val val="self"/>
         </label>
      </events>
      <env_state>
         <label label="h_xpos">
            <val val="155"/>
         </label>
         <label label="h_ypos">
            <val val="42"/>
         </label>
         <label label="rotation">
            <val val="0"/>
         </label>
         <label label="xpos">
            <val val="57"/>
         </label>
         <label label="ypos">
            <val val="122"/>
         </label>
      </env_state>
   </transition>
   <transition source_id="39" target_id="40">
      <events>
         <label label="">
            <val val="self"/>
         </label>
      </events>
      <env_state>
         <label label="h_xpos">
            <val val="155"/>
         </label>
         <label label="h_ypos">
            <val val="42"/>
         </label>
         <label label="rotation">
            <val val="0"/>
         </label>
         <label label="xpos">
            <val val="57"/>
         </label>
         <label label="ypos">
            <val val="119"/>
         </label>
      </env_state>
   </transition>
   <transition source_id="40" target_id="41">
      <events>
         <label label="">
            <val val="self"/>
         </label>
      </events>
      <env_state>
         <label label="h_xpos">
            <val val="155"/>
         </label>
         <label label="h_ypos">
            <val val="42"/>
         </label>
         <label label="rotation">
            <val val="0"/>
         </label>
         <label label="xpos">
            <val val="57"/>
         </label>
         <label label="ypos">
            <val val="116"/>
         </label>
      </env_state>
   </transition>
   <transition source_id="41" target_id="42">
      <events>
         <label label="">
            <val val="self"/>
         </label>
      </events>
      <env_state>
         <label label="h_xpos">
            <val val="155"/>
         </label>
         <label label="h_ypos">
            <val val="42"/>
         </label>
         <label label="rotation">
            <val val="0"/>
         </label>
         <label label="xpos">
            <val val="57"/>
         </label>
         <label label="ypos">
            <val val="112"/>
         </label>
      </env_state>
   </transition>
   <transition source_id="42" target_id="43">
      <events>
         <label label="">
            <val val="self"/>
         </label>
      </events>
      <env_state>
         <label label="h_xpos">
            <val val="155"/>
         </label>
         <label label="h_ypos">
            <val val="42"/>
         </label>
         <label label="rotation">
            <val val="0"/>
         </label>
         <label label="xpos">
            <val val="57"/>
         </label>
         <label label="ypos">
            <val val="107"/>
         </label>
      </env_state>
   </transition>
   <transition source_id="43" target_id="44">
      <events>
         <label label="">
            <val val="self"/>
         </label>
      </events>
      <env_state>
         <label label="h_xpos">
            <val val="155"/>
         </label>
         <label label="h_ypos">
            <val val="42"/>
         </label>
         <label label="rotation">
            <val val="16"/>
         </label>
         <label label="xpos">
            <val val="57"/>
         </label>
         <label label="ypos">
            <val val="104"/>
         </label>
      </env_state>
   </transition>
   <transition source_id="44" target_id="45">
      <events>
         <label label="">
            <val val="self"/>
         </label>
      </events>
      <env_state>
         <label label="h_xpos">
            <val val="155"/>
         </label>
         <label label="h_ypos">
            <val val="42"/>
         </label>
         <label label="rotation">
            <val val="16"/>
         </label>
         <label label="xpos">
            <val val="57"/>
         </label>
         <label label="ypos">
            <val val="101"/>
         </label>
      </env_state>
   </transition>
   <transition source_id="45" target_id="46">
      <events>
         <label label="">
            <val val="self"/>
         </label>
      </events>
      <env_state>
         <label label="h_xpos">
            <val val="155"/>
         </label>
         <label label="h_ypos">
            <val val="42"/>
         </label>
         <label label="rotation">
            <val val="16"/>
         </label>
         <label label="xpos">
            <val val="57"/>
         </label>
         <label label="ypos">
            <val val="95"/>
         </label>
      </env_state>
   </transition>
   <transition source_id="46" target_id="47">
      <events>
         <label label="">
            <val val="self"/>
         </label>
      </events>
      <env_state>
         <label label="h_xpos">
            <val val="155"/>
         </label>
         <label label="h_ypos">
            <val val="42"/>
         </label>
         <label label="rotation">
            <val val="16"/>
         </label>
         <label label="xpos">
            <val val="57"/>
         </label>
         <label label="ypos">
            <val val="92"/>
         </label>
      </env_state>
   </transition>
   <transition source_id="47" target_id="48">
      <events>
         <label label="">
            <val val="self"/>
         </label>
      </events>
      <env_state>
         <label label="h_xpos">
            <val val="155"/>
         </label>
         <label label="h_ypos">
            <val val="42"/>
         </label>
         <label label="rotation">
            <val val="16"/>
         </label>
         <label label="xpos">
            <val val="57"/>
         </label>
         <label label="ypos">
            <val val="90"/>
         </label>
      </env_state>
   </transition>
   <transition source_id="48" target_id="49">
      <events>
         <label label="">
            <val val="self"/>
         </label>
      </events>
      <env_state>
         <label label="h_xpos">
            <val val="155"/>
         </label>
         <label label="h_ypos">
            <val val="42"/>
         </label>
         <label label="rotation">
            <val val="16"/>
         </label>
         <label label="xpos">
            <val val="57"/>
         </label>
         <label label="ypos">
            <val val="84"/>
         </label>
      </env_state>
   </transition>
   <transition source_id="49" target_id="50">
      <events>
         <label label="">
            <val val="self"/>
         </label>
      </events>
      <env_state>
         <label label="h_xpos">
            <val val="155"/>
         </label>
         <label label="h_ypos">
            <val val="42"/>
         </label>
         <label label="rotation">
            <val val="16"/>
         </label>
         <label label="xpos">
            <val val="57"/>
         </label>
         <label label="ypos">
            <val val="81"/>
         </label>
      </env_state>
   </transition>
   <transition source_id="50" target_id="51">
      <events>
         <label label="">
            <val val="self"/>
         </label>
      </events>
      <env_state>
         <label label="h_xpos">
            <val val="155"/>
         </label>
         <label label="h_ypos">
            <val val="42"/>
         </label>
         <label label="rotation">
            <val val="16"/>
         </label>
         <label label="xpos">
            <val val="57"/>
         </label>
         <label label="ypos">
            <val val="78"/>
         </label>
      </env_state>
   </transition>
   <transition source_id="51" target_id="52">
      <events>
         <label label="">
            <val val="self"/>
         </label>
      </events>
      <env_state>
         <label label="h_xpos">
            <val val="155"/>
         </label>
         <label label="h_ypos">
            <val val="42"/>
         </label>
         <label label="rotation">
            <val val="16"/>
         </label>
         <label label="xpos">
            <val val="57"/>
         </label>
         <label label="ypos">
            <val val="74"/>
         </label>
      </env_state>
   </transition>
   <transition source_id="52" target_id="53">
      <events>
         <label label="">
            <val val="self"/>
         </label>
      </events>
      <env_state>
         <label label="h_xpos">
            <val val="155"/>
         </label>
         <label label="h_ypos">
            <val val="42"/>
         </label>
         <label label="rotation">
            <val val="16"/>
         </label>
         <label label="xpos">
            <val val="57"/>
         </label>
         <label label="ypos">
            <val val="71"/>
         </label>
      </env_state>
   </transition>
   <transition source_id="53" target_id="54">
      <events>
         <label label="">
            <val val="self"/>
         </label>
      </events>
      <env_state>
         <label label="h_xpos">
            <val val="155"/>
         </label>
         <label label="h_ypos">
            <val val="False"/>
         </label>
         <label label="rotation">
            <val val="32"/>
         </label>
         <label label="xpos">
            <val val="57"/>
         </label>
         <label label="ypos">
            <val val="68"/>
         </label>
      </env_state>
   </transition>
   <transition source_id="54" target_id="55">
      <events>
         <label label="">
            <val val="self"/>
         </label>
      </events>
      <env_state>
         <label label="h_xpos">
            <val val="False"/>
         </label>
         <label label="h_ypos">
            <val val="42"/>
         </label>
         <label label="rotation">
            <val val="32"/>
         </label>
         <label label="xpos">
            <val val="60"/>
         </label>
         <label label="ypos">
            <val val="64"/>
         </label>
      </env_state>
   </transition>
   <transition source_id="55" target_id="56">
      <events>
         <label label="">
            <val val="self"/>
         </label>
      </events>
      <env_state>
         <label label="h_xpos">
            <val val="155"/>
         </label>
         <label label="h_ypos">
            <val val="42"/>
         </label>
         <label label="rotation">
            <val val="32"/>
         </label>
         <label label="xpos">
            <val val="61"/>
         </label>
         <label label="ypos">
            <val val="61"/>
         </label>
      </env_state>
   </transition>
   <transition source_id="56" target_id="57">
      <events>
         <label label="">
            <val val="self"/>
         </label>
      </events>
      <env_state>
         <label label="h_xpos">
            <val val="155"/>
         </label>
         <label label="h_ypos">
            <val val="42"/>
         </label>
         <label label="rotation">
            <val val="32"/>
         </label>
         <label label="xpos">
            <val val="62"/>
         </label>
         <label label="ypos">
            <val val="60"/>
         </label>
      </env_state>
   </transition>
   <transition source_id="57" target_id="58">
      <events>
         <label label="">
            <val val="self"/>
         </label>
      </events>
      <env_state>
         <label label="h_xpos">
            <val val="155"/>
         </label>
         <label label="h_ypos">
            <val val="42"/>
         </label>
         <label label="rotation">
            <val val="32"/>
         </label>
         <label label="xpos">
            <val val="62"/>
         </label>
         <label label="ypos">
            <val val="58"/>
         </label>
      </env_state>
   </transition>
   <transition source_id="58" target_id="59">
      <events>
         <label label="">
            <val val="self"/>
         </label>
      </events>
      <env_state>
         <label label="h_xpos">
            <val val="155"/>
         </label>
         <label label="h_ypos">
            <val val="42"/>
         </label>
         <label label="rotation">
            <val val="48"/>
         </label>
         <label label="xpos">
            <val val="63"/>
         </label>
         <label label="ypos">
            <val val="55"/>
         </label>
      </env_state>
   </transition>
   <transition source_id="59" target_id="60">
      <events>
         <label label="">
            <val val="self"/>
         </label>
      </events>
      <env_state>
         <label label="h_xpos">
            <val val="155"/>
         </label>
         <label label="h_ypos">
            <val val="42"/>
         </label>
         <label label="rotation">
            <val val="48"/>
         </label>
         <label label="xpos">
            <val val="64"/>
         </label>
         <label label="ypos">
            <val val="51"/>
         </label>
      </env_state>
   </transition>
   <transition source_id="60" target_id="61">
      <events>
         <label label="">
            <val val="self"/>
         </label>
      </events>
      <env_state>
         <label label="h_xpos">
            <val val="155"/>
         </label>
         <label label="h_ypos">
            <val val="42"/>
         </label>
         <label label="rotation">
            <val val="48"/>
         </label>
         <label label="xpos">
            <val val="64"/>
         </label>
         <label label="ypos">
            <val val="50"/>
         </label>
      </env_state>
   </transition>
   <transition source_id="61" target_id="62">
      <events>
         <label label="">
            <val val="self"/>
         </label>
      </events>
      <env_state>
         <label label="h_xpos">
            <val val="155"/>
         </label>
         <label label="h_ypos">
            <val val="42"/>
         </label>
         <label label="rotation">
            <val val="48"/>
         </label>
         <label label="xpos">
            <val val="65"/>
         </label>
         <label label="ypos">
            <val val="48"/>
         </label>
      </env_state>
   </transition>
   <transition source_id="62" target_id="63">
      <events>
         <label label="">
            <val val="self"/>
         </label>
      </events>
      <env_state>
         <label label="h_xpos">
            <val val="155"/>
         </label>
         <label label="h_ypos">
            <val val="42"/>
         </label>
         <label label="rotation">
            <val val="48"/>
         </label>
         <label label="xpos">
            <val val="66"/>
         </label>
         <label label="ypos">
            <val val="45"/>
         </label>
      </env_state>
   </transition>
   <transition source_id="63" target_id="64">
      <events>
         <label label="">
            <val val="self"/>
         </label>
      </events>
      <env_state>
         <label label="h_xpos">
            <val val="False"/>
         </label>
         <label label="h_ypos">
            <val val="42"/>
         </label>
         <label label="rotation">
            <val val="48"/>
         </label>
         <label label="xpos">
            <val val="69"/>
         </label>
         <label label="ypos">
            <val val="42"/>
         </label>
      </env_state>
   </transition>
   <transition source_id="64" target_id="65">
      <events>
         <label label="">
            <val val="self"/>
         </label>
      </events>
      <env_state>
         <label label="h_xpos">
            <val val="155"/>
         </label>
         <label label="h_ypos">
            <val val="42"/>
         </label>
         <label label="rotation">
            <val val="65"/>
         </label>
         <label label="xpos">
            <val val="70"/>
         </label>
         <label label="ypos">
            <val val="41"/>
         </label>
      </env_state>
   </transition>
   <transition source_id="65" target_id="66">
      <events>
         <label label="">
            <val val="self"/>
         </label>
      </events>
      <env_state>
         <label label="h_xpos">
            <val val="155"/>
         </label>
         <label label="h_ypos">
            <val val="42"/>
         </label>
         <label label="rotation">
            <val val="159"/>
         </label>
         <label label="xpos">
            <val val="71"/>
         </label>
         <label label="ypos">
            <val val="40"/>
         </label>
      </env_state>
   </transition>
   <transition source_id="66" target_id="67">
      <events>
         <label label="">
            <val val="self"/>
         </label>
      </events>
      <env_state>
         <label label="h_xpos">
            <val val="155"/>
         </label>
         <label label="h_ypos">
            <val val="42"/>
         </label>
         <label label="rotation">
            <val val="176"/>
         </label>
         <label label="xpos">
            <val val="72"/>
         </label>
         <label label="ypos">
            <val val="39"/>
         </label>
      </env_state>
   </transition>
   <transition source_id="67" target_id="68">
      <events>
         <label label="">
            <val val="self"/>
         </label>
      </events>
      <env_state>
         <label label="h_xpos">
            <val val="155"/>
         </label>
         <label label="h_ypos">
            <val val="42"/>
         </label>
         <label label="rotation">
            <val val="72"/>
         </label>
         <label label="xpos">
            <val val="76"/>
         </label>
         <label label="ypos">
            <val val="38"/>
         </label>
      </env_state>
   </transition>
   <transition source_id="68" target_id="69">
      <events>
         <label label="">
            <val val="self"/>
         </label>
      </events>
      <env_state>
         <label label="h_xpos">
            <val val="155"/>
         </label>
         <label label="h_ypos">
            <val val="42"/>
         </label>
         <label label="rotation">
            <val val="72"/>
         </label>
         <label label="xpos">
            <val val="78"/>
         </label>
         <label label="ypos">
            <val val="36"/>
         </label>
      </env_state>
   </transition>
   <transition source_id="69" target_id="70">
      <events>
         <label label="">
            <val val="self"/>
         </label>
      </events>
      <env_state>
         <label label="h_xpos">
            <val val="155"/>
         </label>
         <label label="h_ypos">
            <val val="42"/>
         </label>
         <label label="rotation">
            <val val="72"/>
         </label>
         <label label="xpos">
            <val val="79"/>
         </label>
         <label label="ypos">
            <val val="35"/>
         </label>
      </env_state>
   </transition>
   <transition source_id="70" target_id="71">
      <events>
         <label label="">
            <val val="self"/>
         </label>
      </events>
      <env_state>
         <label label="h_xpos">
            <val val="155"/>
         </label>
         <label label="h_ypos">
            <val val="42"/>
         </label>
         <label label="rotation">
            <val val="72"/>
         </label>
         <label label="xpos">
            <val val="82"/>
         </label>
         <label label="ypos">
            <val val="34"/>
         </label>
      </env_state>
   </transition>
   <transition source_id="71" target_id="72">
      <events>
         <label label="">
            <val val="self"/>
         </label>
      </events>
      <env_state>
         <label label="h_xpos">
            <val val="155"/>
         </label>
         <label label="h_ypos">
            <val val="42"/>
         </label>
         <label label="rotation">
            <val val="72"/>
         </label>
         <label label="xpos">
            <val val="85"/>
         </label>
         <label label="ypos">
            <val val="34"/>
         </label>
      </env_state>
   </transition>
   <transition source_id="72" target_id="73">
      <events>
         <label label="">
            <val val="self"/>
         </label>
      </events>
      <env_state>
         <label label="h_xpos">
            <val val="155"/>
         </label>
         <label label="h_ypos">
            <val val="42"/>
         </label>
         <label label="rotation">
            <val val="72"/>
         </label>
         <label label="xpos">
            <val val="87"/>
         </label>
         <label label="ypos">
            <val val="33"/>
         </label>
      </env_state>
   </transition>
   <transition source_id="73" target_id="74">
      <events>
         <label label="">
            <val val="self"/>
         </label>
      </events>
      <env_state>
         <label label="h_xpos">
            <val val="155"/>
         </label>
         <label label="h_ypos">
            <val val="42"/>
         </label>
         <label label="rotation">
            <val val="72"/>
         </label>
         <label label="xpos">
            <val val="89"/>
         </label>
         <label label="ypos">
            <val val="32"/>
         </label>
      </env_state>
   </transition>
   <transition source_id="74" target_id="75">
      <events>
         <label label="">
            <val val="self"/>
         </label>
      </events>
      <env_state>
         <label label="h_xpos">
            <val val="155"/>
         </label>
         <label label="h_ypos">
            <val val="42"/>
         </label>
         <label label="rotation">
            <val val="72"/>
         </label>
         <label label="xpos">
            <val val="90"/>
         </label>
         <label label="ypos">
            <val val="32"/>
         </label>
      </env_state>
   </transition>
   <transition source_id="75" target_id="76">
      <events>
         <label label="">
            <val val="self"/>
         </label>
      </events>
      <env_state>
         <label label="h_xpos">
            <val val="155"/>
         </label>
         <label label="h_ypos">
            <val val="42"/>
         </label>
         <label label="rotation">
            <val val="72"/>
         </label>
         <label label="xpos">
            <val val="92"/>
         </label>
         <label label="ypos">
            <val val="31"/>
         </label>
      </env_state>
   </transition>
   <transition source_id="76" target_id="77">
      <events>
         <label label="">
            <val val="self"/>
         </label>
      </events>
      <env_state>
         <label label="h_xpos">
            <val val="155"/>
         </label>
         <label label="h_ypos">
            <val val="42"/>
         </label>
         <label label="rotation">
            <val val="72"/>
         </label>
         <label label="xpos">
            <val val="94"/>
         </label>
         <label label="ypos">
            <val val="30"/>
         </label>
      </env_state>
   </transition>
   <transition source_id="77" target_id="78">
      <events>
         <label label="">
            <val val="self"/>
         </label>
      </events>
      <env_state>
         <label label="h_xpos">
            <val val="155"/>
         </label>
         <label label="h_ypos">
            <val val="42"/>
         </label>
         <label label="rotation">
            <val val="72"/>
         </label>
         <label label="xpos">
            <val val="97"/>
         </label>
         <label label="ypos">
            <val val="30"/>
         </label>
      </env_state>
   </transition>
</interaction__self>
