<?xml version="1.0" ?>
<interaction__self>
   <state id="0">
      <behaviors>
         <behavior cat="sys">
            <value val="ON"/>
         </behavior>
      </behaviors>
   </state>
   <state id="1">
      <behaviors>
         <behavior cat="movement_y">
            <value val="294"/>
         </behavior>
         <behavior cat="movement_time">
            <value val="0.1"/>
         </behavior>
      </behaviors>
   </state>
   <state id="2">
      <behaviors>
         <behavior cat="movement_y">
            <value val="289"/>
         </behavior>
         <behavior cat="movement_time">
            <value val="0.1"/>
         </behavior>
      </behaviors>
   </state>
   <state id="3">
      <behaviors>
         <behavior cat="movement_y">
            <value val="284"/>
         </behavior>
         <behavior cat="movement_time">
            <value val="0.1"/>
         </behavior>
      </behaviors>
   </state>
   <state id="4">
      <behaviors>
         <behavior cat="movement_x">
            <value val="66"/>
         </behavior>
         <behavior cat="movement_y">
            <value val="280"/>
         </behavior>
         <behavior cat="movement_time">
            <value val="0.1"/>
         </behavior>
      </behaviors>
   </state>
   <state id="5">
      <behaviors>
         <behavior cat="movement_y">
            <value val="276"/>
         </behavior>
         <behavior cat="movement_angle">
            <value val="7"/>
         </behavior>
         <behavior cat="movement_time">
            <value val="0.1"/>
         </behavior>
      </behaviors>
   </state>
   <state id="6">
      <behaviors>
         <behavior cat="movement_y">
            <value val="273"/>
         </behavior>
         <behavior cat="movement_time">
            <value val="0.1"/>
         </behavior>
      </behaviors>
   </state>
   <state id="7">
      <behaviors>
         <behavior cat="movement_y">
            <value val="271"/>
         </behavior>
         <behavior cat="movement_time">
            <value val="0.1"/>
         </behavior>
      </behaviors>
   </state>
   <state id="8">
      <behaviors>
         <behavior cat="movement_y">
            <value val="268"/>
         </behavior>
         <behavior cat="movement_time">
            <value val="0.1"/>
         </behavior>
      </behaviors>
   </state>
   <state id="9">
      <behaviors>
         <behavior cat="movement_y">
            <value val="266"/>
         </behavior>
         <behavior cat="movement_time">
            <value val="0.1"/>
         </behavior>
      </behaviors>
   </state>
   <state id="10">
      <behaviors>
         <behavior cat="movement_y">
            <value val="263"/>
         </behavior>
         <behavior cat="movement_time">
            <value val="0.1"/>
         </behavior>
      </behaviors>
   </state>
   <state id="11">
      <behaviors>
         <behavior cat="movement_y">
            <value val="256"/>
         </behavior>
         <behavior cat="movement_time">
            <value val="0.1"/>
         </behavior>
      </behaviors>
   </state>
   <state id="12">
      <behaviors>
         <behavior cat="movement_y">
            <value val="251"/>
         </behavior>
         <behavior cat="movement_time">
            <value val="0.1"/>
         </behavior>
      </behaviors>
   </state>
   <state id="13">
      <behaviors>
         <behavior cat="movement_y">
            <value val="244"/>
         </behavior>
         <behavior cat="movement_time">
            <value val="0.1"/>
         </behavior>
      </behaviors>
   </state>
   <state id="14">
      <behaviors>
         <behavior cat="movement_y">
            <value val="239"/>
         </behavior>
         <behavior cat="movement_time">
            <value val="0.1"/>
         </behavior>
      </behaviors>
   </state>
   <state id="15">
      <behaviors>
         <behavior cat="movement_x">
            <value val="63"/>
         </behavior>
         <behavior cat="movement_y">
            <value val="234"/>
         </behavior>
         <behavior cat="movement_time">
            <value val="0.1"/>
         </behavior>
      </behaviors>
   </state>
   <state id="16">
      <behaviors>
         <behavior cat="movement_y">
            <value val="232"/>
         </behavior>
         <behavior cat="movement_time">
            <value val="0.1"/>
         </behavior>
      </behaviors>
   </state>
   <state id="17">
      <behaviors>
         <behavior cat="movement_y">
            <value val="229"/>
         </behavior>
         <behavior cat="movement_time">
            <value val="0.1"/>
         </behavior>
      </behaviors>
   </state>
   <state id="18">
      <behaviors>
         <behavior cat="movement_y">
            <value val="224"/>
         </behavior>
         <behavior cat="movement_time">
            <value val="0.1"/>
         </behavior>
      </behaviors>
   </state>
   <state id="19">
      <behaviors>
         <behavior cat="movement_y">
            <value val="217"/>
         </behavior>
         <behavior cat="movement_time">
            <value val="0.1"/>
         </behavior>
      </behaviors>
   </state>
   <state id="20">
      <behaviors>
         <behavior cat="movement_y">
            <value val="211"/>
         </behavior>
         <behavior cat="movement_time">
            <value val="0.1"/>
         </behavior>
      </behaviors>
   </state>
   <state id="21">
      <behaviors>
         <behavior cat="movement_y">
            <value val="207"/>
         </behavior>
         <behavior cat="movement_time">
            <value val="0.1"/>
         </behavior>
      </behaviors>
   </state>
   <state id="22">
      <behaviors>
         <behavior cat="movement_y">
            <value val="203"/>
         </behavior>
         <behavior cat="movement_time">
            <value val="0.1"/>
         </behavior>
      </behaviors>
   </state>
   <state id="23">
      <behaviors>
         <behavior cat="movement_y">
            <value val="199"/>
         </behavior>
         <behavior cat="movement_time">
            <value val="0.1"/>
         </behavior>
      </behaviors>
   </state>
   <state id="24">
      <behaviors>
         <behavior cat="movement_y">
            <value val="196"/>
         </behavior>
         <behavior cat="movement_time">
            <value val="0.1"/>
         </behavior>
      </behaviors>
   </state>
   <state id="25">
      <behaviors>
         <behavior cat="movement_y">
            <value val="193"/>
         </behavior>
         <behavior cat="movement_time">
            <value val="0.1"/>
         </behavior>
      </behaviors>
   </state>
   <state id="26">
      <behaviors>
         <behavior cat="movement_y">
            <value val="190"/>
         </behavior>
         <behavior cat="movement_time">
            <value val="0.1"/>
         </behavior>
      </behaviors>
   </state>
   <state id="27">
      <behaviors>
         <behavior cat="movement_y">
            <value val="183"/>
         </behavior>
         <behavior cat="movement_time">
            <value val="0.1"/>
         </behavior>
      </behaviors>
   </state>
   <state id="28">
      <behaviors>
         <behavior cat="movement_y">
            <value val="179"/>
         </behavior>
         <behavior cat="movement_time">
            <value val="0.1"/>
         </behavior>
      </behaviors>
   </state>
   <state id="29">
      <behaviors>
         <behavior cat="movement_x">
            <value val="60"/>
         </behavior>
         <behavior cat="movement_y">
            <value val="175"/>
         </behavior>
         <behavior cat="movement_time">
            <value val="0.1"/>
         </behavior>
      </behaviors>
   </state>
   <state id="30">
      <behaviors>
         <behavior cat="movement_y">
            <value val="171"/>
         </behavior>
         <behavior cat="movement_time">
            <value val="0.1"/>
         </behavior>
      </behaviors>
   </state>
   <state id="31">
      <behaviors>
         <behavior cat="movement_y">
            <value val="166"/>
         </behavior>
         <behavior cat="movement_time">
            <value val="0.1"/>
         </behavior>
      </behaviors>
   </state>
   <state id="32">
      <behaviors>
         <behavior cat="movement_y">
            <value val="163"/>
         </behavior>
         <behavior cat="movement_time">
            <value val="0.1"/>
         </behavior>
      </behaviors>
   </state>
   <state id="33">
      <behaviors>
         <behavior cat="movement_y">
            <value val="160"/>
         </behavior>
         <behavior cat="movement_time">
            <value val="0.1"/>
         </behavior>
      </behaviors>
   </state>
   <state id="34">
      <behaviors>
         <behavior cat="movement_y">
            <value val="154"/>
         </behavior>
         <behavior cat="movement_time">
            <value val="0.1"/>
         </behavior>
      </behaviors>
   </state>
   <state id="35">
      <behaviors>
         <behavior cat="movement_y">
            <value val="151"/>
         </behavior>
         <behavior cat="movement_time">
            <value val="0.1"/>
         </behavior>
      </behaviors>
   </state>
   <state id="36">
      <behaviors>
         <behavior cat="movement_y">
            <value val="146"/>
         </behavior>
         <behavior cat="movement_time">
            <value val="0.1"/>
         </behavior>
      </behaviors>
   </state>
   <state id="37">
      <behaviors>
         <behavior cat="movement_y">
            <value val="143"/>
         </behavior>
         <behavior cat="movement_time">
            <value val="0.1"/>
         </behavior>
      </behaviors>
   </state>
   <state id="38">
      <behaviors>
         <behavior cat="movement_y">
            <value val="140"/>
         </behavior>
         <behavior cat="movement_time">
            <value val="0.1"/>
         </behavior>
      </behaviors>
   </state>
   <state id="39">
      <behaviors>
         <behavior cat="movement_y">
            <value val="138"/>
         </behavior>
         <behavior cat="movement_time">
            <value val="0.1"/>
         </behavior>
      </behaviors>
   </state>
   <state id="40">
      <behaviors>
         <behavior cat="movement_y">
            <value val="135"/>
         </behavior>
         <behavior cat="movement_time">
            <value val="0.1"/>
         </behavior>
      </behaviors>
   </state>
   <state id="41">
      <behaviors>
         <behavior cat="movement_y">
            <value val="132"/>
         </behavior>
         <behavior cat="movement_time">
            <value val="0.1"/>
         </behavior>
      </behaviors>
   </state>
   <state id="42">
      <behaviors>
         <behavior cat="movement_y">
            <value val="130"/>
         </behavior>
         <behavior cat="movement_time">
            <value val="0.1"/>
         </behavior>
      </behaviors>
   </state>
   <state id="43">
      <behaviors>
         <behavior cat="movement_y">
            <value val="125"/>
         </behavior>
         <behavior cat="movement_time">
            <value val="0.1"/>
         </behavior>
      </behaviors>
   </state>
   <state id="44">
      <behaviors>
         <behavior cat="movement_y">
            <value val="122"/>
         </behavior>
         <behavior cat="movement_time">
            <value val="0.1"/>
         </behavior>
      </behaviors>
   </state>
   <state id="45">
      <behaviors>
         <behavior cat="movement_y">
            <value val="119"/>
         </behavior>
         <behavior cat="movement_time">
            <value val="0.1"/>
         </behavior>
      </behaviors>
   </state>
   <state id="46">
      <behaviors>
         <behavior cat="movement_x">
            <value val="57"/>
         </behavior>
         <behavior cat="movement_y">
            <value val="116"/>
         </behavior>
         <behavior cat="movement_time">
            <value val="0.1"/>
         </behavior>
      </behaviors>
   </state>
   <state id="47">
      <behaviors>
         <behavior cat="movement_y">
            <value val="107"/>
         </behavior>
         <behavior cat="movement_time">
            <value val="0.1"/>
         </behavior>
      </behaviors>
   </state>
   <state id="48">
      <behaviors>
         <behavior cat="movement_y">
            <value val="104"/>
         </behavior>
         <behavior cat="movement_time">
            <value val="0.1"/>
         </behavior>
      </behaviors>
   </state>
   <state id="49">
      <behaviors>
         <behavior cat="movement_y">
            <value val="101"/>
         </behavior>
         <behavior cat="movement_time">
            <value val="0.1"/>
         </behavior>
      </behaviors>
   </state>
   <state id="50">
      <behaviors>
         <behavior cat="movement_y">
            <value val="98"/>
         </behavior>
         <behavior cat="movement_time">
            <value val="0.1"/>
         </behavior>
      </behaviors>
   </state>
   <state id="51">
      <behaviors>
         <behavior cat="movement_y">
            <value val="91"/>
         </behavior>
         <behavior cat="movement_time">
            <value val="0.1"/>
         </behavior>
      </behaviors>
   </state>
   <state id="52">
      <behaviors>
         <behavior cat="movement_y">
            <value val="83"/>
         </behavior>
         <behavior cat="movement_time">
            <value val="0.1"/>
         </behavior>
      </behaviors>
   </state>
   <state id="53">
      <behaviors>
         <behavior cat="movement_y">
            <value val="80"/>
         </behavior>
         <behavior cat="movement_time">
            <value val="0.1"/>
         </behavior>
      </behaviors>
   </state>
   <state id="54">
      <behaviors>
         <behavior cat="movement_y">
            <value val="76"/>
         </behavior>
         <behavior cat="movement_time">
            <value val="0.1"/>
         </behavior>
      </behaviors>
   </state>
   <state id="55">
      <behaviors>
         <behavior cat="movement_y">
            <value val="74"/>
         </behavior>
         <behavior cat="movement_angle">
            <value val="22"/>
         </behavior>
         <behavior cat="movement_time">
            <value val="0.1"/>
         </behavior>
      </behaviors>
   </state>
   <state id="56">
      <behaviors>
         <behavior cat="movement_y">
            <value val="71"/>
         </behavior>
         <behavior cat="movement_time">
            <value val="0.1"/>
         </behavior>
      </behaviors>
   </state>
   <state id="57">
      <behaviors>
         <behavior cat="movement_y">
            <value val="68"/>
         </behavior>
         <behavior cat="movement_time">
            <value val="0.1"/>
         </behavior>
      </behaviors>
   </state>
   <state id="58">
      <behaviors>
         <behavior cat="movement_y">
            <value val="64"/>
         </behavior>
         <behavior cat="movement_time">
            <value val="0.1"/>
         </behavior>
      </behaviors>
   </state>
   <state id="59">
      <behaviors>
         <behavior cat="movement_x">
            <value val="60"/>
         </behavior>
         <behavior cat="movement_y">
            <value val="58"/>
         </behavior>
         <behavior cat="movement_time">
            <value val="0.1"/>
         </behavior>
      </behaviors>
   </state>
   <state id="60">
      <behaviors>
         <behavior cat="movement_x">
            <value val="62"/>
         </behavior>
         <behavior cat="movement_y">
            <value val="54"/>
         </behavior>
         <behavior cat="movement_time">
            <value val="0.1"/>
         </behavior>
      </behaviors>
   </state>
   <state id="61">
      <behaviors>
         <behavior cat="movement_x">
            <value val="64"/>
         </behavior>
         <behavior cat="movement_y">
            <value val="49"/>
         </behavior>
         <behavior cat="movement_time">
            <value val="0.1"/>
         </behavior>
      </behaviors>
   </state>
   <state id="62">
      <behaviors>
         <behavior cat="movement_x">
            <value val="67"/>
         </behavior>
         <behavior cat="movement_y">
            <value val="45"/>
         </behavior>
         <behavior cat="movement_angle">
            <value val="43"/>
         </behavior>
         <behavior cat="movement_time">
            <value val="0.1"/>
         </behavior>
      </behaviors>
   </state>
   <state id="63">
      <behaviors>
         <behavior cat="movement_x">
            <value val="68"/>
         </behavior>
         <behavior cat="movement_y">
            <value val="44"/>
         </behavior>
         <behavior cat="movement_angle">
            <value val="47"/>
         </behavior>
         <behavior cat="movement_time">
            <value val="0.1"/>
         </behavior>
      </behaviors>
   </state>
   <state id="64">
      <behaviors>
         <behavior cat="movement_x">
            <value val="70"/>
         </behavior>
         <behavior cat="movement_y">
            <value val="42"/>
         </behavior>
         <behavior cat="movement_angle">
            <value val="50"/>
         </behavior>
         <behavior cat="movement_time">
            <value val="0.1"/>
         </behavior>
      </behaviors>
   </state>
   <state id="65">
      <behaviors>
         <behavior cat="movement_x">
            <value val="72"/>
         </behavior>
         <behavior cat="movement_y">
            <value val="39"/>
         </behavior>
         <behavior cat="movement_angle">
            <value val="54"/>
         </behavior>
         <behavior cat="movement_time">
            <value val="0.1"/>
         </behavior>
      </behaviors>
   </state>
   <state id="66">
      <behaviors>
         <behavior cat="movement_x">
            <value val="73"/>
         </behavior>
         <behavior cat="movement_y">
            <value val="38"/>
         </behavior>
         <behavior cat="movement_angle">
            <value val="58"/>
         </behavior>
         <behavior cat="movement_time">
            <value val="0.1"/>
         </behavior>
      </behaviors>
   </state>
   <state id="67">
      <behaviors>
         <behavior cat="movement_x">
            <value val="75"/>
         </behavior>
         <behavior cat="movement_y">
            <value val="36"/>
         </behavior>
         <behavior cat="movement_time">
            <value val="0.1"/>
         </behavior>
      </behaviors>
   </state>
   <state id="68">
      <behaviors>
         <behavior cat="movement_x">
            <value val="77"/>
         </behavior>
         <behavior cat="movement_y">
            <value val="34"/>
         </behavior>
         <behavior cat="movement_time">
            <value val="0.1"/>
         </behavior>
      </behaviors>
   </state>
   <state id="69">
      <behaviors>
         <behavior cat="movement_x">
            <value val="80"/>
         </behavior>
         <behavior cat="movement_y">
            <value val="33"/>
         </behavior>
         <behavior cat="movement_time">
            <value val="0.1"/>
         </behavior>
      </behaviors>
   </state>
   <state id="70">
      <behaviors>
         <behavior cat="movement_x">
            <value val="83"/>
         </behavior>
         <behavior cat="movement_y">
            <value val="32"/>
         </behavior>
         <behavior cat="movement_time">
            <value val="0.1"/>
         </behavior>
      </behaviors>
   </state>
   <state id="71">
      <behaviors>
         <behavior cat="movement_x">
            <value val="85"/>
         </behavior>
         <behavior cat="movement_y">
            <value val="30"/>
         </behavior>
         <behavior cat="movement_angle">
            <value val="73"/>
         </behavior>
         <behavior cat="movement_time">
            <value val="0.1"/>
         </behavior>
      </behaviors>
   </state>
   <state id="72">
      <behaviors>
         <behavior cat="movement_x">
            <value val="87"/>
         </behavior>
         <behavior cat="movement_time">
            <value val="0.1"/>
         </behavior>
      </behaviors>
   </state>
   <state id="73">
      <behaviors>
         <behavior cat="movement_x">
            <value val="90"/>
         </behavior>
         <behavior cat="movement_time">
            <value val="0.1"/>
         </behavior>
      </behaviors>
   </state>
   <state id="74">
      <behaviors>
         <behavior cat="movement_x">
            <value val="94"/>
         </behavior>
         <behavior cat="movement_time">
            <value val="0.1"/>
         </behavior>
      </behaviors>
   </state>
   <state id="75">
      <behaviors>
         <behavior cat="movement_x">
            <value val="96"/>
         </behavior>
         <behavior cat="movement_time">
            <value val="0.1"/>
         </behavior>
      </behaviors>
   </state>
   <state id="76">
      <behaviors>
         <behavior cat="movement_x">
            <value val="97"/>
         </behavior>
         <behavior cat="movement_time">
            <value val="0.1"/>
         </behavior>
      </behaviors>
   </state>
   <state id="77">
      <behaviors>
         <behavior cat="movement_angle">
            <value val="92"/>
         </behavior>
         <behavior cat="movement_time">
            <value val="0.1"/>
         </behavior>
      </behaviors>
   </state>
   <state id="78">
      <behaviors>
         <behavior cat="sys">
            <value val="OFF"/>
         </behavior>
      </behaviors>
   </state>
   <init id="0"/>
   <transition source_id="0" target_id="1">
      <events>
         <label label="">
            <val val="self"/>
         </label>
      </events>
      <env_state>
         <label label="h_xpos">
            <val val="155"/>
         </label>
         <label label="h_ypos">
            <val val="42"/>
         </label>
         <label label="rotation">
            <val val="22"/>
         </label>
         <label label="xpos">
            <val val="63"/>
         </label>
         <label label="ypos">
            <val val="300"/>
         </label>
      </env_state>
   </transition>
   <transition source_id="1" target_id="2">
      <events>
         <label label="">
            <val val="self"/>
         </label>
      </events>
      <env_state>
         <label label="h_xpos">
            <val val="155"/>
         </label>
         <label label="h_ypos">
            <val val="42"/>
         </label>
         <label label="rotation">
            <val val="22"/>
         </label>
         <label label="xpos">
            <val val="63"/>
         </label>
         <label label="ypos">
            <val val="294"/>
         </label>
      </env_state>
   </transition>
   <transition source_id="2" target_id="3">
      <events>
         <label label="">
            <val val="self"/>
         </label>
      </events>
      <env_state>
         <label label="h_xpos">
            <val val="155"/>
         </label>
         <label label="h_ypos">
            <val val="42"/>
         </label>
         <label label="rotation">
            <val val="22"/>
         </label>
         <label label="xpos">
            <val val="63"/>
         </label>
         <label label="ypos">
            <val val="289"/>
         </label>
      </env_state>
   </transition>
   <transition source_id="3" target_id="4">
      <events>
         <label label="">
            <val val="self"/>
         </label>
      </events>
      <env_state>
         <label label="h_xpos">
            <val val="155"/>
         </label>
         <label label="h_ypos">
            <val val="42"/>
         </label>
         <label label="rotation">
            <val val="22"/>
         </label>
         <label label="xpos">
            <val val="63"/>
         </label>
         <label label="ypos">
            <val val="284"/>
         </label>
      </env_state>
   </transition>
   <transition source_id="4" target_id="5">
      <events>
         <label label="">
            <val val="self"/>
         </label>
      </events>
      <env_state>
         <label label="h_xpos">
            <val val="155"/>
         </label>
         <label label="h_ypos">
            <val val="42"/>
         </label>
         <label label="rotation">
            <val val="22"/>
         </label>
         <label label="xpos">
            <val val="66"/>
         </label>
         <label label="ypos">
            <val val="280"/>
         </label>
      </env_state>
   </transition>
   <transition source_id="5" target_id="6">
      <events>
         <label label="">
            <val val="self"/>
         </label>
      </events>
      <env_state>
         <label label="h_xpos">
            <val val="155"/>
         </label>
         <label label="h_ypos">
            <val val="42"/>
         </label>
         <label label="rotation">
            <val val="7"/>
         </label>
         <label label="xpos">
            <val val="66"/>
         </label>
         <label label="ypos">
            <val val="276"/>
         </label>
      </env_state>
   </transition>
   <transition source_id="6" target_id="7">
      <events>
         <label label="">
            <val val="self"/>
         </label>
      </events>
      <env_state>
         <label label="h_xpos">
            <val val="155"/>
         </label>
         <label label="h_ypos">
            <val val="42"/>
         </label>
         <label label="rotation">
            <val val="7"/>
         </label>
         <label label="xpos">
            <val val="66"/>
         </label>
         <label label="ypos">
            <val val="273"/>
         </label>
      </env_state>
   </transition>
   <transition source_id="7" target_id="8">
      <events>
         <label label="">
            <val val="self"/>
         </label>
      </events>
      <env_state>
         <label label="h_xpos">
            <val val="155"/>
         </label>
         <label label="h_ypos">
            <val val="42"/>
         </label>
         <label label="rotation">
            <val val="7"/>
         </label>
         <label label="xpos">
            <val val="66"/>
         </label>
         <label label="ypos">
            <val val="271"/>
         </label>
      </env_state>
   </transition>
   <transition source_id="8" target_id="9">
      <events>
         <label label="">
            <val val="self"/>
         </label>
      </events>
      <env_state>
         <label label="h_xpos">
            <val val="155"/>
         </label>
         <label label="h_ypos">
            <val val="42"/>
         </label>
         <label label="rotation">
            <val val="7"/>
         </label>
         <label label="xpos">
            <val val="66"/>
         </label>
         <label label="ypos">
            <val val="268"/>
         </label>
      </env_state>
   </transition>
   <transition source_id="9" target_id="10">
      <events>
         <label label="">
            <val val="self"/>
         </label>
      </events>
      <env_state>
         <label label="h_xpos">
            <val val="155"/>
         </label>
         <label label="h_ypos">
            <val val="42"/>
         </label>
         <label label="rotation">
            <val val="7"/>
         </label>
         <label label="xpos">
            <val val="66"/>
         </label>
         <label label="ypos">
            <val val="266"/>
         </label>
      </env_state>
   </transition>
   <transition source_id="10" target_id="11">
      <events>
         <label label="">
            <val val="self"/>
         </label>
      </events>
      <env_state>
         <label label="h_xpos">
            <val val="155"/>
         </label>
         <label label="h_ypos">
            <val val="42"/>
         </label>
         <label label="rotation">
            <val val="7"/>
         </label>
         <label label="xpos">
            <val val="66"/>
         </label>
         <label label="ypos">
            <val val="263"/>
         </label>
      </env_state>
   </transition>
   <transition source_id="11" target_id="12">
      <events>
         <label label="">
            <val val="self"/>
         </label>
      </events>
      <env_state>
         <label label="h_xpos">
            <val val="155"/>
         </label>
         <label label="h_ypos">
            <val val="42"/>
         </label>
         <label label="rotation">
            <val val="7"/>
         </label>
         <label label="xpos">
            <val val="66"/>
         </label>
         <label label="ypos">
            <val val="256"/>
         </label>
      </env_state>
   </transition>
   <transition source_id="12" target_id="13">
      <events>
         <label label="">
            <val val="self"/>
         </label>
      </events>
      <env_state>
         <label label="h_xpos">
            <val val="155"/>
         </label>
         <label label="h_ypos">
            <val val="42"/>
         </label>
         <label label="rotation">
            <val val="7"/>
         </label>
         <label label="xpos">
            <val val="66"/>
         </label>
         <label label="ypos">
            <val val="251"/>
         </label>
      </env_state>
   </transition>
   <transition source_id="13" target_id="14">
      <events>
         <label label="">
            <val val="self"/>
         </label>
      </events>
      <env_state>
         <label label="h_xpos">
            <val val="155"/>
         </label>
         <label label="h_ypos">
            <val val="42"/>
         </label>
         <label label="rotation">
            <val val="7"/>
         </label>
         <label label="xpos">
            <val val="66"/>
         </label>
         <label label="ypos">
            <val val="244"/>
         </label>
      </env_state>
   </transition>
   <transition source_id="14" target_id="15">
      <events>
         <label label="">
            <val val="self"/>
         </label>
      </events>
      <env_state>
         <label label="h_xpos">
            <val val="155"/>
         </label>
         <label label="h_ypos">
            <val val="42"/>
         </label>
         <label label="rotation">
            <val val="7"/>
         </label>
         <label label="xpos">
            <val val="66"/>
         </label>
         <label label="ypos">
            <val val="239"/>
         </label>
      </env_state>
   </transition>
   <transition source_id="15" target_id="16">
      <events>
         <label label="">
            <val val="self"/>
         </label>
      </events>
      <env_state>
         <label label="h_xpos">
            <val val="155"/>
         </label>
         <label label="h_ypos">
            <val val="42"/>
         </label>
         <label label="rotation">
            <val val="7"/>
         </label>
         <label label="xpos">
            <val val="63"/>
         </label>
         <label label="ypos">
            <val val="234"/>
         </label>
      </env_state>
   </transition>
   <transition source_id="16" target_id="17">
      <events>
         <label label="">
            <val val="self"/>
         </label>
      </events>
      <env_state>
         <label label="h_xpos">
            <val val="155"/>
         </label>
         <label label="h_ypos">
            <val val="42"/>
         </label>
         <label label="rotation">
            <val val="7"/>
         </label>
         <label label="xpos">
            <val val="63"/>
         </label>
         <label label="ypos">
            <val val="232"/>
         </label>
      </env_state>
   </transition>
   <transition source_id="17" target_id="18">
      <events>
         <label label="">
            <val val="self"/>
         </label>
      </events>
      <env_state>
         <label label="h_xpos">
            <val val="155"/>
         </label>
         <label label="h_ypos">
            <val val="42"/>
         </label>
         <label label="rotation">
            <val val="7"/>
         </label>
         <label label="xpos">
            <val val="63"/>
         </label>
         <label label="ypos">
            <val val="229"/>
         </label>
      </env_state>
   </transition>
   <transition source_id="18" target_id="19">
      <events>
         <label label="">
            <val val="self"/>
         </label>
      </events>
      <env_state>
         <label label="h_xpos">
            <val val="155"/>
         </label>
         <label label="h_ypos">
            <val val="42"/>
         </label>
         <label label="rotation">
            <val val="7"/>
         </label>
         <label label="xpos">
            <val val="63"/>
         </label>
         <label label="ypos">
            <val val="224"/>
         </label>
      </env_state>
   </transition>
   <transition source_id="19" target_id="20">
      <events>
         <label label="">
            <val val="self"/>
         </label>
      </events>
      <env_state>
         <label label="h_xpos">
            <val val="155"/>
         </label>
         <label label="h_ypos">
            <val val="42"/>
         </label>
         <label label="rotation">
            <val val="7"/>
         </label>
         <label label="xpos">
            <val val="63"/>
         </label>
         <label label="ypos">
            <val val="217"/>
         </label>
      </env_state>
   </transition>
   <transition source_id="20" target_id="21">
      <events>
         <label label="">
            <val val="self"/>
         </label>
      </events>
      <env_state>
         <label label="h_xpos">
            <val val="155"/>
         </label>
         <label label="h_ypos">
            <val val="42"/>
         </label>
         <label label="rotation">
            <val val="7"/>
         </label>
         <label label="xpos">
            <val val="63"/>
         </label>
         <label label="ypos">
            <val val="211"/>
         </label>
      </env_state>
   </transition>
   <transition source_id="21" target_id="22">
      <events>
         <label label="">
            <val val="self"/>
         </label>
      </events>
      <env_state>
         <label label="h_xpos">
            <val val="155"/>
         </label>
         <label label="h_ypos">
            <val val="42"/>
         </label>
         <label label="rotation">
            <val val="7"/>
         </label>
         <label label="xpos">
            <val val="63"/>
         </label>
         <label label="ypos">
            <val val="207"/>
         </label>
      </env_state>
   </transition>
   <transition source_id="22" target_id="23">
      <events>
         <label label="">
            <val val="self"/>
         </label>
      </events>
      <env_state>
         <label label="h_xpos">
            <val val="155"/>
         </label>
         <label label="h_ypos">
            <val val="42"/>
         </label>
         <label label="rotation">
            <val val="7"/>
         </label>
         <label label="xpos">
            <val val="63"/>
         </label>
         <label label="ypos">
            <val val="203"/>
         </label>
      </env_state>
   </transition>
   <transition source_id="23" target_id="24">
      <events>
         <label label="">
            <val val="self"/>
         </label>
      </events>
      <env_state>
         <label label="h_xpos">
            <val val="False"/>
         </label>
         <label label="h_ypos">
            <val val="42"/>
         </label>
         <label label="rotation">
            <val val="7"/>
         </label>
         <label label="xpos">
            <val val="63"/>
         </label>
         <label label="ypos">
            <val val="199"/>
         </label>
      </env_state>
   </transition>
   <transition source_id="24" target_id="25">
      <events>
         <label label="">
            <val val="self"/>
         </label>
      </events>
      <env_state>
         <label label="h_xpos">
            <val val="155"/>
         </label>
         <label label="h_ypos">
            <val val="42"/>
         </label>
         <label label="rotation">
            <val val="7"/>
         </label>
         <label label="xpos">
            <val val="63"/>
         </label>
         <label label="ypos">
            <val val="196"/>
         </label>
      </env_state>
   </transition>
   <transition source_id="25" target_id="26">
      <events>
         <label label="">
            <val val="self"/>
         </label>
      </events>
      <env_state>
         <label label="h_xpos">
            <val val="155"/>
         </label>
         <label label="h_ypos">
            <val val="42"/>
         </label>
         <label label="rotation">
            <val val="7"/>
         </label>
         <label label="xpos">
            <val val="63"/>
         </label>
         <label label="ypos">
            <val val="193"/>
         </label>
      </env_state>
   </transition>
   <transition source_id="26" target_id="27">
      <events>
         <label label="">
            <val val="self"/>
         </label>
      </events>
      <env_state>
         <label label="h_xpos">
            <val val="155"/>
         </label>
         <label label="h_ypos">
            <val val="42"/>
         </label>
         <label label="rotation">
            <val val="7"/>
         </label>
         <label label="xpos">
            <val val="63"/>
         </label>
         <label label="ypos">
            <val val="190"/>
         </label>
      </env_state>
   </transition>
   <transition source_id="27" target_id="28">
      <events>
         <label label="">
            <val val="self"/>
         </label>
      </events>
      <env_state>
         <label label="h_xpos">
            <val val="155"/>
         </label>
         <label label="h_ypos">
            <val val="42"/>
         </label>
         <label label="rotation">
            <val val="7"/>
         </label>
         <label label="xpos">
            <val val="63"/>
         </label>
         <label label="ypos">
            <val val="183"/>
         </label>
      </env_state>
   </transition>
   <transition source_id="28" target_id="29">
      <events>
         <label label="">
            <val val="self"/>
         </label>
      </events>
      <env_state>
         <label label="h_xpos">
            <val val="False"/>
         </label>
         <label label="h_ypos">
            <val val="False"/>
         </label>
         <label label="rotation">
            <val val="7"/>
         </label>
         <label label="xpos">
            <val val="63"/>
         </label>
         <label label="ypos">
            <val val="179"/>
         </label>
      </env_state>
   </transition>
   <transition source_id="29" target_id="30">
      <events>
         <label label="">
            <val val="self"/>
         </label>
      </events>
      <env_state>
         <label label="h_xpos">
            <val val="155"/>
         </label>
         <label label="h_ypos">
            <val val="42"/>
         </label>
         <label label="rotation">
            <val val="7"/>
         </label>
         <label label="xpos">
            <val val="60"/>
         </label>
         <label label="ypos">
            <val val="175"/>
         </label>
      </env_state>
   </transition>
   <transition source_id="30" target_id="31">
      <events>
         <label label="">
            <val val="self"/>
         </label>
      </events>
      <env_state>
         <label label="h_xpos">
            <val val="155"/>
         </label>
         <label label="h_ypos">
            <val val="42"/>
         </label>
         <label label="rotation">
            <val val="7"/>
         </label>
         <label label="xpos">
            <val val="60"/>
         </label>
         <label label="ypos">
            <val val="171"/>
         </label>
      </env_state>
   </transition>
   <transition source_id="31" target_id="32">
      <events>
         <label label="">
            <val val="self"/>
         </label>
      </events>
      <env_state>
         <label label="h_xpos">
            <val val="155"/>
         </label>
         <label label="h_ypos">
            <val val="42"/>
         </label>
         <label label="rotation">
            <val val="7"/>
         </label>
         <label label="xpos">
            <val val="60"/>
         </label>
         <label label="ypos">
            <val val="166"/>
         </label>
      </env_state>
   </transition>
   <transition source_id="32" target_id="33">
      <events>
         <label label="">
            <val val="self"/>
         </label>
      </events>
      <env_state>
         <label label="h_xpos">
            <val val="155"/>
         </label>
         <label label="h_ypos">
            <val val="42"/>
         </label>
         <label label="rotation">
            <val val="7"/>
         </label>
         <label label="xpos">
            <val val="60"/>
         </label>
         <label label="ypos">
            <val val="163"/>
         </label>
      </env_state>
   </transition>
   <transition source_id="33" target_id="34">
      <events>
         <label label="">
            <val val="self"/>
         </label>
      </events>
      <env_state>
         <label label="h_xpos">
            <val val="155"/>
         </label>
         <label label="h_ypos">
            <val val="42"/>
         </label>
         <label label="rotation">
            <val val="7"/>
         </label>
         <label label="xpos">
            <val val="60"/>
         </label>
         <label label="ypos">
            <val val="160"/>
         </label>
      </env_state>
   </transition>
   <transition source_id="34" target_id="35">
      <events>
         <label label="">
            <val val="self"/>
         </label>
      </events>
      <env_state>
         <label label="h_xpos">
            <val val="155"/>
         </label>
         <label label="h_ypos">
            <val val="42"/>
         </label>
         <label label="rotation">
            <val val="7"/>
         </label>
         <label label="xpos">
            <val val="60"/>
         </label>
         <label label="ypos">
            <val val="154"/>
         </label>
      </env_state>
   </transition>
   <transition source_id="35" target_id="36">
      <events>
         <label label="">
            <val val="self"/>
         </label>
      </events>
      <env_state>
         <label label="h_xpos">
            <val val="155"/>
         </label>
         <label label="h_ypos">
            <val val="42"/>
         </label>
         <label label="rotation">
            <val val="7"/>
         </label>
         <label label="xpos">
            <val val="60"/>
         </label>
         <label label="ypos">
            <val val="151"/>
         </label>
      </env_state>
   </transition>
   <transition source_id="36" target_id="37">
      <events>
         <label label="">
            <val val="self"/>
         </label>
      </events>
      <env_state>
         <label label="h_xpos">
            <val val="155"/>
         </label>
         <label label="h_ypos">
            <val val="42"/>
         </label>
         <label label="rotation">
            <val val="7"/>
         </label>
         <label label="xpos">
            <val val="60"/>
         </label>
         <label label="ypos">
            <val val="146"/>
         </label>
      </env_state>
   </transition>
   <transition source_id="37" target_id="38">
      <events>
         <label label="">
            <val val="self"/>
         </label>
      </events>
      <env_state>
         <label label="h_xpos">
            <val val="155"/>
         </label>
         <label label="h_ypos">
            <val val="42"/>
         </label>
         <label label="rotation">
            <val val="7"/>
         </label>
         <label label="xpos">
            <val val="60"/>
         </label>
         <label label="ypos">
            <val val="143"/>
         </label>
      </env_state>
   </transition>
   <transition source_id="38" target_id="39">
      <events>
         <label label="">
            <val val="self"/>
         </label>
      </events>
      <env_state>
         <label label="h_xpos">
            <val val="155"/>
         </label>
         <label label="h_ypos">
            <val val="42"/>
         </label>
         <label label="rotation">
            <val val="7"/>
         </label>
         <label label="xpos">
            <val val="60"/>
         </label>
         <label label="ypos">
            <val val="140"/>
         </label>
      </env_state>
   </transition>
   <transition source_id="39" target_id="40">
      <events>
         <label label="">
            <val val="self"/>
         </label>
      </events>
      <env_state>
         <label label="h_xpos">
            <val val="155"/>
         </label>
         <label label="h_ypos">
            <val val="42"/>
         </label>
         <label label="rotation">
            <val val="7"/>
         </label>
         <label label="xpos">
            <val val="60"/>
         </label>
         <label label="ypos">
            <val val="138"/>
         </label>
      </env_state>
   </transition>
   <transition source_id="40" target_id="41">
      <events>
         <label label="">
            <val val="self"/>
         </label>
      </events>
      <env_state>
         <label label="h_xpos">
            <val val="155"/>
         </label>
         <label label="h_ypos">
            <val val="42"/>
         </label>
         <label label="rotation">
            <val val="7"/>
         </label>
         <label label="xpos">
            <val val="60"/>
         </label>
         <label label="ypos">
            <val val="135"/>
         </label>
      </env_state>
   </transition>
   <transition source_id="41" target_id="42">
      <events>
         <label label="">
            <val val="self"/>
         </label>
      </events>
      <env_state>
         <label label="h_xpos">
            <val val="155"/>
         </label>
         <label label="h_ypos">
            <val val="42"/>
         </label>
         <label label="rotation">
            <val val="7"/>
         </label>
         <label label="xpos">
            <val val="60"/>
         </label>
         <label label="ypos">
            <val val="132"/>
         </label>
      </env_state>
   </transition>
   <transition source_id="42" target_id="43">
      <events>
         <label label="">
            <val val="self"/>
         </label>
      </events>
      <env_state>
         <label label="h_xpos">
            <val val="155"/>
         </label>
         <label label="h_ypos">
            <val val="42"/>
         </label>
         <label label="rotation">
            <val val="7"/>
         </label>
         <label label="xpos">
            <val val="60"/>
         </label>
         <label label="ypos">
            <val val="130"/>
         </label>
      </env_state>
   </transition>
   <transition source_id="43" target_id="44">
      <events>
         <label label="">
            <val val="self"/>
         </label>
      </events>
      <env_state>
         <label label="h_xpos">
            <val val="155"/>
         </label>
         <label label="h_ypos">
            <val val="42"/>
         </label>
         <label label="rotation">
            <val val="7"/>
         </label>
         <label label="xpos">
            <val val="60"/>
         </label>
         <label label="ypos">
            <val val="125"/>
         </label>
      </env_state>
   </transition>
   <transition source_id="44" target_id="45">
      <events>
         <label label="">
            <val val="self"/>
         </label>
      </events>
      <env_state>
         <label label="h_xpos">
            <val val="155"/>
         </label>
         <label label="h_ypos">
            <val val="42"/>
         </label>
         <label label="rotation">
            <val val="7"/>
         </label>
         <label label="xpos">
            <val val="60"/>
         </label>
         <label label="ypos">
            <val val="122"/>
         </label>
      </env_state>
   </transition>
   <transition source_id="45" target_id="46">
      <events>
         <label label="">
            <val val="self"/>
         </label>
      </events>
      <env_state>
         <label label="h_xpos">
            <val val="155"/>
         </label>
         <label label="h_ypos">
            <val val="42"/>
         </label>
         <label label="rotation">
            <val val="7"/>
         </label>
         <label label="xpos">
            <val val="60"/>
         </label>
         <label label="ypos">
            <val val="119"/>
         </label>
      </env_state>
   </transition>
   <transition source_id="46" target_id="47">
      <events>
         <label label="">
            <val val="self"/>
         </label>
      </events>
      <env_state>
         <label label="h_xpos">
            <val val="155"/>
         </label>
         <label label="h_ypos">
            <val val="42"/>
         </label>
         <label label="rotation">
            <val val="7"/>
         </label>
         <label label="xpos">
            <val val="57"/>
         </label>
         <label label="ypos">
            <val val="116"/>
         </label>
      </env_state>
   </transition>
   <transition source_id="47" target_id="48">
      <events>
         <label label="">
            <val val="self"/>
         </label>
      </events>
      <env_state>
         <label label="h_xpos">
            <val val="155"/>
         </label>
         <label label="h_ypos">
            <val val="42"/>
         </label>
         <label label="rotation">
            <val val="7"/>
         </label>
         <label label="xpos">
            <val val="57"/>
         </label>
         <label label="ypos">
            <val val="107"/>
         </label>
      </env_state>
   </transition>
   <transition source_id="48" target_id="49">
      <events>
         <label label="">
            <val val="self"/>
         </label>
      </events>
      <env_state>
         <label label="h_xpos">
            <val val="155"/>
         </label>
         <label label="h_ypos">
            <val val="42"/>
         </label>
         <label label="rotation">
            <val val="7"/>
         </label>
         <label label="xpos">
            <val val="57"/>
         </label>
         <label label="ypos">
            <val val="104"/>
         </label>
      </env_state>
   </transition>
   <transition source_id="49" target_id="50">
      <events>
         <label label="">
            <val val="self"/>
         </label>
      </events>
      <env_state>
         <label label="h_xpos">
            <val val="155"/>
         </label>
         <label label="h_ypos">
            <val val="42"/>
         </label>
         <label label="rotation">
            <val val="7"/>
         </label>
         <label label="xpos">
            <val val="57"/>
         </label>
         <label label="ypos">
            <val val="101"/>
         </label>
      </env_state>
   </transition>
   <transition source_id="50" target_id="51">
      <events>
         <label label="">
            <val val="self"/>
         </label>
      </events>
      <env_state>
         <label label="h_xpos">
            <val val="155"/>
         </label>
         <label label="h_ypos">
            <val val="42"/>
         </label>
         <label label="rotation">
            <val val="7"/>
         </label>
         <label label="xpos">
            <val val="57"/>
         </label>
         <label label="ypos">
            <val val="98"/>
         </label>
      </env_state>
   </transition>
   <transition source_id="51" target_id="52">
      <events>
         <label label="">
            <val val="self"/>
         </label>
      </events>
      <env_state>
         <label label="h_xpos">
            <val val="155"/>
         </label>
         <label label="h_ypos">
            <val val="42"/>
         </label>
         <label label="rotation">
            <val val="7"/>
         </label>
         <label label="xpos">
            <val val="57"/>
         </label>
         <label label="ypos">
            <val val="91"/>
         </label>
      </env_state>
   </transition>
   <transition source_id="52" target_id="53">
      <events>
         <label label="">
            <val val="self"/>
         </label>
      </events>
      <env_state>
         <label label="h_xpos">
            <val val="155"/>
         </label>
         <label label="h_ypos">
            <val val="42"/>
         </label>
         <label label="rotation">
            <val val="7"/>
         </label>
         <label label="xpos">
            <val val="57"/>
         </label>
         <label label="ypos">
            <val val="83"/>
         </label>
      </env_state>
   </transition>
   <transition source_id="53" target_id="54">
      <events>
         <label label="">
            <val val="self"/>
         </label>
      </events>
      <env_state>
         <label label="h_xpos">
            <val val="155"/>
         </label>
         <label label="h_ypos">
            <val val="42"/>
         </label>
         <label label="rotation">
            <val val="7"/>
         </label>
         <label label="xpos">
            <val val="57"/>
         </label>
         <label label="ypos">
            <val val="80"/>
         </label>
      </env_state>
   </transition>
   <transition source_id="54" target_id="55">
      <events>
         <label label="">
            <val val="self"/>
         </label>
      </events>
      <env_state>
         <label label="h_xpos">
            <val val="155"/>
         </label>
         <label label="h_ypos">
            <val val="42"/>
         </label>
         <label label="rotation">
            <val val="7"/>
         </label>
         <label label="xpos">
            <val val="57"/>
         </label>
         <label label="ypos">
            <val val="76"/>
         </label>
      </env_state>
   </transition>
   <transition source_id="55" target_id="56">
      <events>
         <label label="">
            <val val="self"/>
         </label>
      </events>
      <env_state>
         <label label="h_xpos">
            <val val="155"/>
         </label>
         <label label="h_ypos">
            <val val="42"/>
         </label>
         <label label="rotation">
            <val val="22"/>
         </label>
         <label label="xpos">
            <val val="57"/>
         </label>
         <label label="ypos">
            <val val="74"/>
         </label>
      </env_state>
   </transition>
   <transition source_id="56" target_id="57">
      <events>
         <label label="">
            <val val="self"/>
         </label>
      </events>
      <env_state>
         <label label="h_xpos">
            <val val="155"/>
         </label>
         <label label="h_ypos">
            <val val="42"/>
         </label>
         <label label="rotation">
            <val val="22"/>
         </label>
         <label label="xpos">
            <val val="57"/>
         </label>
         <label label="ypos">
            <val val="71"/>
         </label>
      </env_state>
   </transition>
   <transition source_id="57" target_id="58">
      <events>
         <label label="">
            <val val="self"/>
         </label>
      </events>
      <env_state>
         <label label="h_xpos">
            <val val="155"/>
         </label>
         <label label="h_ypos">
            <val val="42"/>
         </label>
         <label label="rotation">
            <val val="22"/>
         </label>
         <label label="xpos">
            <val val="57"/>
         </label>
         <label label="ypos">
            <val val="68"/>
         </label>
      </env_state>
   </transition>
   <transition source_id="58" target_id="59">
      <events>
         <label label="">
            <val val="self"/>
         </label>
      </events>
      <env_state>
         <label label="h_xpos">
            <val val="155"/>
         </label>
         <label label="h_ypos">
            <val val="42"/>
         </label>
         <label label="rotation">
            <val val="22"/>
         </label>
         <label label="xpos">
            <val val="57"/>
         </label>
         <label label="ypos">
            <val val="64"/>
         </label>
      </env_state>
   </transition>
   <transition source_id="59" target_id="60">
      <events>
         <label label="">
            <val val="self"/>
         </label>
      </events>
      <env_state>
         <label label="h_xpos">
            <val val="155"/>
         </label>
         <label label="h_ypos">
            <val val="42"/>
         </label>
         <label label="rotation">
            <val val="22"/>
         </label>
         <label label="xpos">
            <val val="60"/>
         </label>
         <label label="ypos">
            <val val="58"/>
         </label>
      </env_state>
   </transition>
   <transition source_id="60" target_id="61">
      <events>
         <label label="">
            <val val="self"/>
         </label>
      </events>
      <env_state>
         <label label="h_xpos">
            <val val="155"/>
         </label>
         <label label="h_ypos">
            <val val="42"/>
         </label>
         <label label="rotation">
            <val val="22"/>
         </label>
         <label label="xpos">
            <val val="62"/>
         </label>
         <label label="ypos">
            <val val="54"/>
         </label>
      </env_state>
   </transition>
   <transition source_id="61" target_id="62">
      <events>
         <label label="">
            <val val="self"/>
         </label>
      </events>
      <env_state>
         <label label="h_xpos">
            <val val="155"/>
         </label>
         <label label="h_ypos">
            <val val="42"/>
         </label>
         <label label="rotation">
            <val val="22"/>
         </label>
         <label label="xpos">
            <val val="64"/>
         </label>
         <label label="ypos">
            <val val="49"/>
         </label>
      </env_state>
   </transition>
   <transition source_id="62" target_id="63">
      <events>
         <label label="">
            <val val="self"/>
         </label>
      </events>
      <env_state>
         <label label="h_xpos">
            <val val="155"/>
         </label>
         <label label="h_ypos">
            <val val="42"/>
         </label>
         <label label="rotation">
            <val val="43"/>
         </label>
         <label label="xpos">
            <val val="67"/>
         </label>
         <label label="ypos">
            <val val="45"/>
         </label>
      </env_state>
   </transition>
   <transition source_id="63" target_id="64">
      <events>
         <label label="">
            <val val="self"/>
         </label>
      </events>
      <env_state>
         <label label="h_xpos">
            <val val="155"/>
         </label>
         <label label="h_ypos">
            <val val="42"/>
         </label>
         <label label="rotation">
            <val val="47"/>
         </label>
         <label label="xpos">
            <val val="68"/>
         </label>
         <label label="ypos">
            <val val="44"/>
         </label>
      </env_state>
   </transition>
   <transition source_id="64" target_id="65">
      <events>
         <label label="">
            <val val="self"/>
         </label>
      </events>
      <env_state>
         <label label="h_xpos">
            <val val="155"/>
         </label>
         <label label="h_ypos">
            <val val="42"/>
         </label>
         <label label="rotation">
            <val val="50"/>
         </label>
         <label label="xpos">
            <val val="70"/>
         </label>
         <label label="ypos">
            <val val="42"/>
         </label>
      </env_state>
   </transition>
   <transition source_id="65" target_id="66">
      <events>
         <label label="">
            <val val="self"/>
         </label>
      </events>
      <env_state>
         <label label="h_xpos">
            <val val="155"/>
         </label>
         <label label="h_ypos">
            <val val="42"/>
         </label>
         <label label="rotation">
            <val val="54"/>
         </label>
         <label label="xpos">
            <val val="72"/>
         </label>
         <label label="ypos">
            <val val="39"/>
         </label>
      </env_state>
   </transition>
   <transition source_id="66" target_id="67">
      <events>
         <label label="">
            <val val="self"/>
         </label>
      </events>
      <env_state>
         <label label="h_xpos">
            <val val="155"/>
         </label>
         <label label="h_ypos">
            <val val="42"/>
         </label>
         <label label="rotation">
            <val val="58"/>
         </label>
         <label label="xpos">
            <val val="73"/>
         </label>
         <label label="ypos">
            <val val="38"/>
         </label>
      </env_state>
   </transition>
   <transition source_id="67" target_id="68">
      <events>
         <label label="">
            <val val="self"/>
         </label>
      </events>
      <env_state>
         <label label="h_xpos">
            <val val="155"/>
         </label>
         <label label="h_ypos">
            <val val="42"/>
         </label>
         <label label="rotation">
            <val val="58"/>
         </label>
         <label label="xpos">
            <val val="75"/>
         </label>
         <label label="ypos">
            <val val="36"/>
         </label>
      </env_state>
   </transition>
   <transition source_id="68" target_id="69">
      <events>
         <label label="">
            <val val="self"/>
         </label>
      </events>
      <env_state>
         <label label="h_xpos">
            <val val="155"/>
         </label>
         <label label="h_ypos">
            <val val="42"/>
         </label>
         <label label="rotation">
            <val val="58"/>
         </label>
         <label label="xpos">
            <val val="77"/>
         </label>
         <label label="ypos">
            <val val="34"/>
         </label>
      </env_state>
   </transition>
   <transition source_id="69" target_id="70">
      <events>
         <label label="">
            <val val="self"/>
         </label>
      </events>
      <env_state>
         <label label="h_xpos">
            <val val="False"/>
         </label>
         <label label="h_ypos">
            <val val="False"/>
         </label>
         <label label="rotation">
            <val val="58"/>
         </label>
         <label label="xpos">
            <val val="80"/>
         </label>
         <label label="ypos">
            <val val="33"/>
         </label>
      </env_state>
   </transition>
   <transition source_id="70" target_id="71">
      <events>
         <label label="">
            <val val="self"/>
         </label>
      </events>
      <env_state>
         <label label="h_xpos">
            <val val="155"/>
         </label>
         <label label="h_ypos">
            <val val="42"/>
         </label>
         <label label="rotation">
            <val val="58"/>
         </label>
         <label label="xpos">
            <val val="83"/>
         </label>
         <label label="ypos">
            <val val="32"/>
         </label>
      </env_state>
   </transition>
   <transition source_id="71" target_id="72">
      <events>
         <label label="">
            <val val="self"/>
         </label>
      </events>
      <env_state>
         <label label="h_xpos">
            <val val="155"/>
         </label>
         <label label="h_ypos">
            <val val="42"/>
         </label>
         <label label="rotation">
            <val val="73"/>
         </label>
         <label label="xpos">
            <val val="85"/>
         </label>
         <label label="ypos">
            <val val="30"/>
         </label>
      </env_state>
   </transition>
   <transition source_id="72" target_id="73">
      <events>
         <label label="">
            <val val="self"/>
         </label>
      </events>
      <env_state>
         <label label="h_xpos">
            <val val="155"/>
         </label>
         <label label="h_ypos">
            <val val="42"/>
         </label>
         <label label="rotation">
            <val val="73"/>
         </label>
         <label label="xpos">
            <val val="87"/>
         </label>
         <label label="ypos">
            <val val="30"/>
         </label>
      </env_state>
   </transition>
   <transition source_id="73" target_id="74">
      <events>
         <label label="">
            <val val="self"/>
         </label>
      </events>
      <env_state>
         <label label="h_xpos">
            <val val="155"/>
         </label>
         <label label="h_ypos">
            <val val="42"/>
         </label>
         <label label="rotation">
            <val val="73"/>
         </label>
         <label label="xpos">
            <val val="90"/>
         </label>
         <label label="ypos">
            <val val="30"/>
         </label>
      </env_state>
   </transition>
   <transition source_id="74" target_id="75">
      <events>
         <label label="">
            <val val="self"/>
         </label>
      </events>
      <env_state>
         <label label="h_xpos">
            <val val="155"/>
         </label>
         <label label="h_ypos">
            <val val="42"/>
         </label>
         <label label="rotation">
            <val val="73"/>
         </label>
         <label label="xpos">
            <val val="94"/>
         </label>
         <label label="ypos">
            <val val="30"/>
         </label>
      </env_state>
   </transition>
   <transition source_id="75" target_id="76">
      <events>
         <label label="">
            <val val="self"/>
         </label>
      </events>
      <env_state>
         <label label="h_xpos">
            <val val="155"/>
         </label>
         <label label="h_ypos">
            <val val="42"/>
         </label>
         <label label="rotation">
            <val val="73"/>
         </label>
         <label label="xpos">
            <val val="96"/>
         </label>
         <label label="ypos">
            <val val="30"/>
         </label>
      </env_state>
   </transition>
   <transition source_id="76" target_id="77">
      <events>
         <label label="">
            <val val="self"/>
         </label>
      </events>
      <env_state>
         <label label="h_xpos">
            <val val="155"/>
         </label>
         <label label="h_ypos">
            <val val="42"/>
         </label>
         <label label="rotation">
            <val val="73"/>
         </label>
         <label label="xpos">
            <val val="97"/>
         </label>
         <label label="ypos">
            <val val="30"/>
         </label>
      </env_state>
   </transition>
   <transition source_id="77" target_id="78">
      <events>
         <label label="">
            <val val="self"/>
         </label>
      </events>
      <env_state>
         <label label="h_xpos">
            <val val="155"/>
         </label>
         <label label="h_ypos">
            <val val="42"/>
         </label>
         <label label="rotation">
            <val val="92"/>
         </label>
         <label label="xpos">
            <val val="97"/>
         </label>
         <label label="ypos">
            <val val="30"/>
         </label>
      </env_state>
   </transition>
</interaction__self>
